1992,End Of The Road,Boyz II Men,0.4912685499131598
1999,Love Song,Sky,0.044704246831415974
1993,Rid Of Me,PJ Harvey,0.13961217580767793
1990,Killer,Adamski,0.14461135749803916
1997,Encore Une Fois,Sash!,0.12173173466141896
1999,Waiting For Tonight,Jennifer Lopez,0.16086389130458273
1996,Billy Breathes,Phish,0.08688084289034262
1992,Yesterdays,Guns N' Roses,0.0666669779246549
1994,Rhythm Of The Night,Corona,0.18073398952818298
1991,Spellbound,Paula Abdul,0.15443040396477986
1992,Be Aggressive,Faith No More,0.025085204152608037
1998,Give It Up,Graaf,0.004106810156454346
1993,Kiss,Original Love,0.020203085599277033
1992,That's How I Feel About You,Londonbeat,0.007952988769719527
1996,Street Spirit (Fade Out),Radiohead,0.08079793539464641
1996,I'm Raving,Scooter,0.03603130504670193
1991,Headlong,Queen,0.03471143916343897
1999,Last Kiss,Pearl Jam,0.19623440434774142
1990,One Love,The Stone Roses,0.03647189141829085
1993,Your Love,Diana Ross,0.010441696138525112
1995,Julia Says,Wet Wet Wet,0.0686812333454788
1996,Near You Always,Jewel,0.010302351294591327
1999,Genie In A Bottle,Christina Aguilera,0.4278221808254914
1996,It's All About U,SWV,0.019668202938997646
1992,Been A Son,Nirvana,0.011770753509828745
1996,Don't Cry,Seal,0.034391702491722236
1994,It Ain't Hard To Tell,Nas,0.038001045613817855
1994,No Need To Argue,The Cranberries,0.3755684043908526
1990,Only Your Love,Bananarama,0.014907534135596522
1999,Come Un Gelato All'Equatore,Pino Daniele,0.008410111294158485
1994,On Bended Knee,Boyz II Men,0.26679699832314424
1997,Home,Chakra,0.009119463545587117
1994,Candlelight,Toni Braxton,0.01439266373151258
1998,Stay,Mica Paris,0.025776848245700597
1994,Jailbird,Primal Scream,0.03873990017121805
1995,Passion,Netzwerk,0.0043180270370397345
1991,Heal The Pain,George Michael,0.03068567391924018
1991,Enter Sandman,Metallica,0.22363633834971605
1992,Sleeping Satellite,Tasmin Archer,0.18750706124554947
1995,The Universal,Blur,0.11197142853828954
1993,All I Want,Captain Hollywood Project,0.019710278812103327
1998,A Rose Is Still A Rose,Aretha Franklin,0.06205371247709445
1990,You Wouldn't Know Love,Cher,0.014179502889195195
1997,Jack-Ass,Beck,0.030148696371016477
1991,No More Tears,Ozzy Osbourne,0.1140707694305042
1996,Ready Or Not,The Fugees,0.14053335071038098
1990,Sliver,Nirvana,0.0648754612563394
1998,I Love The Way You Love Me,Boyzone,0.06958075200509017
1992,Everything About You,Ugly Kid Joe,0.10051355406236882
1991,Open Your Eyes,Black Box,0.012198964852879133
1994,Love Is All Around,Wet Wet Wet,0.4124714461594598
1999,Animal Instinct,The Cranberries,0.04517482774850919
1992,Heal The World,Michael Jackson,0.1994760840822964
1999,Lullaby,Shawn Mullins,0.10162212746998109
1996,Perfect Day,Skin,0.007149426106158777
1990,I'm Not Satisfied,Fine Young Cannibals,0.04181009403264871
1995,I Believe,Blessid Union Of Souls,0.12534221398590695
1993,Animal,Pearl Jam,0.021331023479096406
1995,Passion,Netzwerk,0.0043180270370397345
1999,Rock Is Dead,Marilyn Manson,0.042171829614042686
1991,Innuendo,Queen,0.13554926847991303
1996,Milk,Garbage,0.05608111312241793
1995,Fake Plastic Trees,Radiohead,0.14678205987783505
1990,Everybody Everybody,Black Box,0.132219764669179
1995,Change,Daphne,0.010743127971876864
1997,Du Hast,Rammstein,0.04641282252585033
1995,Misery,Soul Asylum,0.11284613257046007
1997,Elektrobank,The Chemical Brothers,0.024261869151661123
1990,One Love,The Stone Roses,0.03647189141829085
1994,Roman Candle,Elliott Smith,0.010255714576707207
1991,More Than Words,Extreme,0.40824627067893415
1995,I Believe,Blessid Union Of Souls,0.12534221398590695
1998,My Favourite Game,The Cardigans,0.11694302800218163
1992,Johnny Wanna Live,Sandra,0.0026626435163850425
1997,Hollywood,The Cranberries,0.003951424218561
1998,All That I Need,Boyzone,0.07704207860664897
1995,Somewhere Somehow,Wet Wet Wet,0.02335931041236695
1996,A Long December,Counting Crows,0.12630836887346547
1998,Big Calm,Morcheeba,0.09853336247651083
1990,Halo,Depeche Mode,0.021236077985147154
1999,The Pretty Things Are Going To Hell,David Bowie,0.024625858751802784
1993,For Tomorrow,Blur,0.04386038808848172
1998,Goodbye,Spice Girls,0.23105511467752488
1998,Brimful Of Asha,Cornershop,0.10883903373047706
1996,Somewhere,Phil Collins,0.017413235924089717
1990,Pictures Of You,The Cure,0.11873107249072097
1993,Oh Carolina,Shaggy,0.21895551137917407
1997,Climbing,Lionel Richie,0.0038259493312061232
1999,The Bad Touch,Bloodhound Gang,0.34960242653043483
1995,I Kissed a Girl,Jill Sobule,0.045938182017866654
1995,Mansize Rooster,Supergrass,0.028673689746656347
1994,You,Peter Frampton,0.01537362518399498
1996,Free To Decide,The Cranberries,0.036386305777712215
1995,Mis-Shapes,Pulp,0.06139964866746157
1999,Hanging Around,The Cardigans,0.012952154105957838
1998,Can't Let Her Go,Boyz II Men,0.029783824107182243
1993,Hero,Mariah Carey,0.31275294362113765
1994,Half The Man,Jamiroquai,0.04003040849569516
1994,Things Can Only Get Better,D:Ream,0.10950007817774544
1997,Tourniquet,Marilyn Manson,0.01824033154909997
1991,High Enough,Damn Yankees,0.10206813367511261
1995,Mental Picture,Jon Secada,0.05767866801784276
1998,Big Big World,Emilia,0.25731330084871873
1997,Pony,Ginuwine,0.11023902405831965
1995,Carnival,The Cardigans,0.10001220540574658
1992,More Than Love,Wet Wet Wet,0.01747256876307439
1999,Shake Your Bon-Bon,Ricky Martin,0.08520180741549457
1995,Estrellas,Gipsy Kings,0.01471609397559366
1992,Something That You Said,The Beautiful South,0.010679138708426815
1991,Ceremony,The Cult,0.03024113557282654
1997,Everyday Is A Winding Road,Sheryl Crow,0.16174085360003543
1994,I Ain't Movin',Des'ree,0.009479399517050971
1990,The Other Side,Aerosmith,0.07105519034408946
1992,Lithium,Nirvana,0.1358062169342822
1996,That's Right,George Benson,0.013851916374109463
1990,U Can't Touch This,MC Hammer,0.5329051860459721
1993,You Owe It All To Me,Texas,0.021001404528521537
1997,Steppin' Out,Fantastic Plastic Machine,0.014343347546629883
1996,Never Never Love,Simply Red,0.03365724322140228
1990,Dolce Barbara,Eros Ramazzotti,0.001956112906954423
1990,Love Takes Time,Mariah Carey,0.16790009187465432
1999,Smile,Lonestar,0.02149088659508747
1990,Daydreaming,Massive Attack,0.026516128190691518
1998,Hands,Jewel,0.14981995867489212
1994,Saturday Night,Whigfield,0.1990816200033458
1992,Storm,Soul II Soul,0.010759497101803635
1999,Gravity Of Love,Enigma,0.05164151145598027
1994,Space Cowboy,Jamiroquai,0.0992071732432665
1994,Willing To Forgive,Aretha Franklin,0.024516555894410895
1993,Living On My Own,Freddie Mercury,0.23695037275703787
1994,Love Is All Around,Wet Wet Wet,0.4124714461594598
1992,Jeremy,Pearl Jam,0.17894646232437264
1996,Missing,Bruce Springsteen,0.02166740630919918
1990,I'm Gonna Miss You,Milli Vanilli,0.03941228096306578
1996,Un-Break My Heart,Toni Braxton,0.42846069435221057
1992,Give It Up,Wilson Phillips,0.04396437626757159
1997,I Feel Love,Vanessa-Mae,0.01671055356842254
1996,El Scorcho,Weezer,0.053264335157083634
1999,Goodbye,Alexia,0.003792119554681075
1997,The Real Thing,Lisa Stansfield,0.09050242853580029
1996,Street Spirit (Fade Out),Radiohead,0.08079793539464641
1997,Clumsy,Our Lady Peace,0.08491102067368518
1995,Boombastic,Shaggy,0.42950387041599325
1990,Welcome To The Terrordome,Public Enemy,0.061951401953387886
1990,Do Me!,Bell Biv DeVoe,0.1118046920503952
1990,Live Together,Lisa Stansfield,0.058152295997314134
1998,Rollercoaster,B*Witched,0.10989242714152123
1998,Big Mistake,Natalie Imbruglia,0.056707319165256814
1998,Psycho Circus,Kiss,0.006925680109047292
1994,Saturday Night,Whigfield,0.1990816200033458
1996,The Bends,Radiohead,0.02302565172118382
1997,Black Eyed Boy,Texas,0.02716659599530444
1999,When I Grow Up,Garbage,0.040088702051800346
1995,Fly Away,Haddaway,0.04521123927694004
1998,No Matter What,Boyzone,0.21793299934370897
1997,Star,Primal Scream,0.04087114077113332
1990,Jingling Baby,LL Cool J,0.008040182816764448
1999,Love's Got A Hold On My Heart,Steps,0.044237980814269655
1995,I Believe,Happy Clappers,0.013554281228731894
1990,Prayer For You,Texas,0.0184519937107592
1999,Honey,Billie Ray Martin,0.013148724525909702
1992,Am I the Same Girl,Swing Out Sister,0.10837541570097678
1992,Heal The World,Michael Jackson,0.1994760840822964
1998,God Is A DJ,Faithless,0.12956839076280624
1992,Revolution,Molella,0.001478043549510008
1997,Heavy Soul,Paul Weller,0.018071094143806338
1999,The Day The World Went Away,Nine Inch Nails,0.02925864939084492
1994,How Many Ways,Toni Braxton,0.01417173678869551
1990,Falling To Pieces,Faith No More,0.043815402148151536
1998,Last Thing On My Mind,Steps,0.050619102743418715
1994,It Will Be You,Paul Young,0.00948345647765008
1990,Dub Be Good To Me,Beats International,0.1609984012717876
1999,Love Will Find A Way,Christina Aguilera,0.015507575318482023
1999,Nookie,Limp Bizkit,0.0890096931790804
1999,Out Of Control,The Chemical Brothers,0.06777583335044803
1992,Tomorrow,Morrissey,0.007960462430119275
1995,Down With The Clique,Aaliyah,0.011192211974752632
1990,My Book,The Beautiful South,0.009677356301744837
1995,Supermodel Sandwich,Terence Trent D'Arby,0.04265514158368037
1992,Goodnight Girl,Wet Wet Wet,0.09112276818186434
1992,Cold,Annie Lennox,0.023660945911770054
1990,People,Soul II Soul,0.0313235265728488
1999,Get Up,Amel Larrieux,0.03208899450569034
1995,Come On,Barry White,0.03221584130439265
1995,This Ain't A Love Song,Bon Jovi,0.1793204876455202
1990,Georgia On My Mind,Michael Bolton,0.03463861472901179
1999,All God's Children,Belinda Carlisle,0.02405621204406225
1995,The long black veil,The Chieftains,0.07428714365668233
1992,Promises,Soulsister,0.0014794359048150346
1996,Charmless Man,Blur,0.042260670342821625
1998,Don't Go Away,Oasis,0.04484253151096484
1997,Here We Go,N Sync,0.014040818722221987
1995,Shy Guy,Diana King,0.2863284821994623
1999,Genie In A Bottle,Christina Aguilera,0.4278221808254914
1996,Black,Pearl Jam,0.05719268691318476
1990,Something To Save,George Michael,0.01159328898369994
1992,Goodnight Girl,Wet Wet Wet,0.09112276818186434
1998,Stay,The Temptations,0.013902311160064403
1999,Every Morning,Sugar Ray,0.2471110377286359
1995,Two Can Play That Game,Bobby Brown,0.053861332454338225
1994,Divine Intervention,Slayer,0.06107080994906663
1995,Love Me For A Reason,Boyzone,0.09440825548399326
1998,Take The Long Way Home,Faithless,0.02180926837843731
1996,ANYTHING,3T,0.1503424593258925
1990,Rub You The Right Way,Johnny Gill,0.11789406726985845
1996,Insomnia,Faithless,0.17432524035606972
1994,Landslide,The Smashing Pumpkins,0.0262061522691296
1992,Never Gonna Give You Up,Sarah Jane Morris,0.011705617083145143
1999,You're My Number One,S Club 7,0.015220711301522728
1997,The Healing Game,Van Morrison,0.009155863418320372
1993,Do You Love Me Like You Say?,Terence Trent D'Arby,0.07218383046847586
1992,Joy,Soul II Soul,0.08195363969377813
1994,If I Should Fall Behind,Bruce Springsteen,0.016500698952968584
1997,Hole In My Soul,Aerosmith,0.05529261033933918
1996,Born Slippy,Underworld,0.18760645109742077
1994,Crazy,Aerosmith,0.19582206488994452
1994,Another Day,Whigfield,0.058970206985249594
1994,Little Child,Des'ree,0.013517784976501633
1992,Revolution,Molella,0.001478043549510008
1999,2 Times,Ann Lee,0.10904013719293056
1990,When I'm Back On My Feet Again,Michael Bolton,0.04835861579583553
1992,Dirt,Alice In Chains,0.15650082721955313
1995,Du Riechst So Gut,Rammstein,0.02699848439047122
1993,She Kissed Me,Terence Trent D'Arby,0.03497053035005065
1995,What I Can Do For You,Sheryl Crow,0.011123751846138381
1998,Don't Drink The Water,DAVE MATTHEWS BAND,0.019304842218213387
1994,Cornflake Girl,Tori Amos,0.09239884594148895
1999,Johnny The Horse,Madness,0.0077288214484482675
1997,Lucky Man,The Verve,0.05854689259751834
1997,I Wish You Love,Paul Young,0.009298133939099836
1996,Insomnia,Faithless,0.17432524035606972
1991,Este Mundo,Gipsy Kings,0.09712461654702965
1991,Sensitivity,Ralph Tresvant,0.11439611068080682
1991,Keep Coming Back,Richard Marx,0.06474181070951478
1991,Enter Sandman,Metallica,0.22363633834971605
1993,I Don't Wanna Fight,Tina Turner,0.16004059296026235
1995,So Good,Boyzone,0.05934934559225263
1993,Crazy Mary,Pearl Jam,0.026140418273569416
1997,Dig Your Own Hole,The Chemical Brothers,0.17768615487235112
1997,Discotheque,U2,0.28873591512610963
1994,Space Cowboy,Jamiroquai,0.0992071732432665
1996,Heaven Only Knows,Swing Out Sister,0.04063850032042163
1997,Let Down,Radiohead,0.04312086905277812
1995,Think Of You,Usher,0.017634082691480018
1994,Divine Intervention,Slayer,0.06107080994906663
1995,A Girl Like You,Edwyn Collins,0.15498928319906358
1995,Passion,Netzwerk,0.0043180270370397345
1991,Unfinished Sympathy,Massive Attack,0.11746187973405076
1990,Gold Mother,James,0.05367781178513054
1995,The Man Who Sold The World,Nirvana,0.11804518069116773
1999,Agaetis Byrjun,Sigur Ros,0.12281687995235224
1997,Lovefool,The Cardigans,0.2877459910854733
1998,Ghetto Girl,Simply Red,0.006978356617975746
1996,How Do U Want It,2Pac,0.12023347540804165
1996,The Good Life,Weezer,0.02007159751334684
1992,Someday,M People,0.012583534016954251
1991,Baby Love,Dannii Minogue,0.0140843132438611
1996,Soul Almighty,Bob Marley,0.016751243771423247
1990,Here We Are,Gloria Estefan,0.08162525563393232
1993,Hat 2 Da Back,TLC,0.024291977878894276
1996,Someday,Michael Learns To Rock,0.00848220157788656
1997,I Want You,Savage Garden,0.27797924487050124
1996,I Can Make It Better,Luther Vandross,0.019853798827598
1993,Are You Gonna Go My Way,Lenny Kravitz,0.2798949509297518
1991,Stairway To Heaven,Dread Zeppelin,0.00816569020256212
1997,I Don't Want To,Toni Braxton,0.12163042954142511
1994,If I Should Fall Behind,Bruce Springsteen,0.016500698952968584
1990,Come Back To Me,Janet Jackson,0.134220498485646
1999,I Hear Your Voice,Lionel Richie,0.003943393369856929
1994,Marvellous & Mine,Lisa Stansfield,0.01433807606666617
1993,Blue,The Verve,0.020431522069845873
1997,Stripsearch,Faith No More,0.018043009582347665
1996,Salva Mea,Faithless,0.05977638016505193
1999,My Love Is Your Love,Whitney Houston,0.2210391943344016
1994,Lucky Lucky Me,Marvin Gaye,0.009234288071809952
1996,Insomnia,Faithless,0.17432524035606972
1994,Back & Forth,Aaliyah,0.15838993536756302
1996,One Of Us,Pandora,0.013108762886595564
1992,Revolution,Molella,0.001478043549510008
1997,Stand By Me,Oasis,0.14182014046388366
1990,96 tears,The Stranglers,0.02470815095387354
1991,The First Time,Surface,0.12324950905232766
1997,2 Become 1,Spice Girls,0.31766914450613615
1997,Alone,Stephen Simmonds,0.015156708755163594
1997,Buena Vista Social Club,Buena Vista Social Club,0.18302061742701237
1993,In All the Right Places,Lisa Stansfield,0.03535480306099159
1997,Kowalski,Primal Scream,0.056167709901908364
1994,Rain King,Counting Crows,0.02221263368818563
1993,So Far So Good,Bryan Adams,0.4092588856254837
1999,My Name Is,Eminem,0.2060123983020736
1997,All For You,Sister Hazel,0.045651556780183136
1999,Musik Non Stop,Kent,0.02172730978944335
1998,Rain,Guano Apes,0.00944107194012521
1993,Dreams,Gabrielle,0.1726827035174473
1992,Cold,Annie Lennox,0.023660945911770054
1996,Sports & Wine,Ben Folds Five,0.012792728887183828
1999,Beautiful Stranger,Madonna,0.2578948682879156
1998,God Is A DJ,Faithless,0.12956839076280624
1995,Come On Home,Cyndi Lauper,0.027206811025434645
1997,Tonight,Joe Cocker,0.004297698449482506
1999,Canned Heat,Jamiroquai,0.14814677499116385
1998,Celebrity Skin,Hole,0.12092191540353492
1994,March Of The Pigs,Nine Inch Nails,0.05568585346922098
1992,Take A Chance On Me,Erasure,0.01685304718227291
1998,Stay,Bernard Butler,0.012865693375174602
1992,Just Wanna Know,Maxi Priest,0.022798206855704117
1993,Nachtflug,Falco,0.002913100152482997
1994,Livin' For You,Boston,0.019280231538933334
1997,I Will Come To You,Hanson,0.15120129627723888
1991,Everyday People,Aretha Franklin,0.022173687081703638
1990,Ice Ice Baby,Vanilla Ice,0.49892508931319157
1994,Leaving Las Vegas,Sheryl Crow,0.03311308178544117
1995,Love Enuff,Soul II Soul,0.032687599663464975
1997,A Life Less Ordinary,Ash,0.024183190313627173
1990,Whip Appeal,Babyface,0.041747722404570975
1990,Better Not Tell Her,Carly Simon,0.015923039823763207
1996,Macarena,Los Del Rio,0.4566124317245568
1993,I'm Every Woman,Whitney Houston,0.2002834351640868
1992,Ebeneezer Goode,Shamen,0.12623707690240196
1995,So Cold In Ireland,The Cranberries,0.01447202747176062
1999,Sexy Sexy Lover,Modern Talking,0.03848360415850434
1997,MMMBop,Hanson,0.6230660481943335
1996,Off He Goes,Pearl Jam,0.011003507024697275
1992,Jump,Kris Kross,0.38144676627684304
1993,Hard Workin' Man,Brooks & Dunn,0.07383528478536927
1990,Poison,Bell Biv DeVoe,0.13189407650007326
1999,Genie In A Bottle,Christina Aguilera,0.4278221808254914
1995,I Believe,Happy Clappers,0.013554281228731894
1998,Not about Romance,Inner Circle,0.011816810966055993
1999,Angel,Sarah McLachlan,0.17262814342388186
1998,All My Life,K-Ci & JoJo,0.28767022443158347
1997,Burn,Tina Arena,0.02094267972564698
1999,2 Times,Ann Lee,0.10904013719293056
1997,Stay,Sash!,0.0829540300700869
1995,Old Pop In An Oak,Rednex,0.09704410735884847
1997,The Real Thing,Lisa Stansfield,0.09050242853580029
1992,Smells Like Teen Spirit,Nirvana,0.6359485495347496
1997,Help The Aged,Pulp,0.029993110200587383
1996,Halka,Kent,0.003496993005677103
1998,Live,Lenny Kravitz,0.017279622288327804
1999,Blue (Da Ba Dee),Eiffel 65,0.41196803098312196
1998,Given To Fly,Pearl Jam,0.08689224585737097
1997,Reverence,Faithless,0.010710065962380826
1995,God's Mistake,Tears For Fears,0.027139130698393313
1994,Everybody's Talkin',The Beautiful South,0.030173346942045595
1994,The Eyes Of Truth,Enigma,0.020359477284743636
1994,Please Send Me Someone To Love,Sade,0.01472651012381228
1995,You Are So Beautiful,Kenny Rogers,0.021519983463415427
1994,Southernplayalisticadillacmuzik,OutKast,0.012247604741696646
1995,Love Is You,Santana,0.00781590449600791
1992,Walking On Broken Glass,Annie Lennox,0.1089992296163095
1997,Burning Wheel,Primal Scream,0.02304294988171444
1990,Family Affair,Shinehead,0.01200371655267428
1995,I Believe,Celvin Rotane,0.004606374955488333
1998,Tell Me,Billie Myers,0.014146849250489694
1991,Memories,Beverley Craven,0.007978673336992504
1998,Party Hard,Pulp,0.013634521218362061
1991,The Promise Of A New Day,Paula Abdul,0.11931055743316518
1998,I Don't Want To Miss A Thing,Aerosmith,0.6431218511444883
1994,Linger,The Cranberries,0.18418046614821723
1996,Forever Love,Gary Barlow,0.09841092634300705
1992,Deeply Dippy,Right Said Fred,0.12369763695628197
1996,Another One Bites The Dust,Captain Jack,0.016240912497239537
1995,All I Want For Christmas Is You,Mariah Carey,0.3306735507422836
1994,Doop,Doop,0.11291664123727208
1992,Humpin' Around,Bobby Brown,0.26169054806574427
1990,Everybody Everybody,Black Box,0.132219764669179
1998,This Is Hardcore,Pulp,0.06235021388151391
1991,Don't Cry,Guns N' Roses,0.32274382055552164
1997,Blackbird On The Wire,The Beautiful South,0.0095590678158245
1998,How Much Is The Fish?,Scooter,0.07244383479562842
1991,More Than Words,Extreme,0.40824627067893415
1990,I'm Your Baby Tonight,Whitney Houston,0.24808050648649135
1995,Alright,Supergrass,0.07391786808870589
1993,Hollywood,World Party,0.005452683740526254
1992,Uhh Ahh,Boyz II Men,0.033794234396934505
1994,Change,Molella,0.01532497852978156
1992,When You Gonna Learn?,Jamiroquai,0.036939817200344095
1992,Ain't No Doubt,Jimmy Nail,0.1404274256417441
1993,Happy Nation,Ace of Base,0.08328000101101565
1990,Dreamland,Black Box,0.13810675051301985
1998,Hands,Jewel,0.14981995867489212
1994,I Need Your Love,Boston,0.05144914979821699
1999,Central Reservation,Beth Orton,0.08741119093646646
1990,I Don't Know Anybody Else,Black Box,0.09310571873594782
1996,Signify,Porcupine Tree,0.01894820924036412
1997,Knockin' On Heaven's Door,Selig,0.003585625869825808
1998,La Bomba,Ricky Martin,0.020760553982733913
1991,Touch Me (All Night Long),Cathy Dennis,0.12907295469724056
1998,Pink,Aerosmith,0.12355318122336108
1991,Conviction Of The Heart,Kenny Loggins,0.01882926236382229
1990,Advice For The Young At Heart,Tears For Fears,0.0750040629533096
1992,Church Of Your Heart,Roxette,0.04808851819549299
1999,Happy,Alexia,0.004182232569799175
1998,Party Hard,Pulp,0.013634521218362061
1998,The Miseducation Of Lauryn Hill,Lauryn Hill,0.484097217441177
1996,Black,Pearl Jam,0.05719268691318476
1992,Everything About You,Ugly Kid Joe,0.10051355406236882
1991,And You Don't Remember,Mariah Carey,0.009587928365772668
1999,Save Me,Aimee Mann,0.09187238081473964
1993,All Apologies,Nirvana,0.1242913516884561
1995,Not For You,Pearl Jam,0.025770744760653063
1997,Day By Day,Regina,0.0035465336774897984
1995,You Gotta Be,Des'ree,0.1912290219988358
1997,On & On,Erykah Badu,0.10851036018846999
1992,My Destiny,Lionel Richie,0.056717019330158165
1995,I'll Be Around,Rappin' 4-Tay,0.04296179528101699
1991,Mad About You,Sting,0.043426886894606206
1992,I Love Your Smile,Shanice,0.2082761954910232
1997,Day By Day,Regina,0.0035465336774897984
1995,Vibrator,Terence Trent D'Arby,0.027242465559285584
1997,Kate,Ben Folds Five,0.02279708638522621
1999,Come On Over,Shania Twain,0.012757737970424335
1995,The Thing I Like,Aaliyah,0.027443866626641868
1991,Don't Want To Be A Fool,Luther Vandross,0.03021524083100512
1996,Un-Break My Heart,Toni Braxton,0.42846069435221057
1995,Say It Ain't So,Weezer,0.0798005489885654
1995,Immortality,Pearl Jam,0.015035404484758284
1998,Sweetest Thing,U2,0.02341653301449703
1995,Morning Glory,Oasis,0.035722794738309145
1997,Blood On The Dance Floor,Michael Jackson,0.24435681215683783
1996,Satellite,DAVE MATTHEWS BAND,0.02743124089734213
1997,Risingson,Massive Attack,0.04328030260999574
1992,Set Your Loving Free,Lisa Stansfield,0.032489937443157146
1997,Day By Day,Regina,0.0035465336774897984
1992,Lay All Your Love On Me,Erasure,0.005687931688514
1994,Seventeen,Let Loose,0.010745247110047066
1993,Little Bird,Annie Lennox,0.08480710845167898
1999,My Own Prison,Creed,0.06744761866326457
1994,How Many Ways,Toni Braxton,0.01417173678869551
1994,Daughter,Pearl Jam,0.11241996130411074
1993,Too Young To Die,Jamiroquai,0.04457436096072158
1999,I Have A Dream,Westlife,0.07945250902022555
1992,A Small Victory,Faith No More,0.023853418787271687
1990,Words,The Christians,0.06533444297755867
1997,Shooting Star,Boyzone,0.018264543360481885
1994,Rain King,Counting Crows,0.02221263368818563
1992,Keep The Faith,Bon Jovi,0.13644782648256146
1995,Misery,Soul Asylum,0.11284613257046007
1998,Tragedy,Steps,0.09513878998867181
1995,Walk On,John Hiatt,0.018779146619848874
1995,Endless Summer,Scooter,0.020345512522008464
1991,Waiting For That Day,George Michael,0.0458601409122529
1998,Free,Bacon Popper,0.014106026617010036
1999,First We Take Manhattan,Joe Cocker,0.004061744326264642
1990,Come Back To Me,Janet Jackson,0.134220498485646
1995,Lovers In The City,Tanita Tikaram,0.011186909160699103
1998,All I Want,Puressence,0.006835243202648352
1992,My Destiny,Lionel Richie,0.056717019330158165
1993,Garden Of Eden,Guns N' Roses,0.009988480366304356
1991,Move Right Out,Rick Astley,0.04086020537324943
1997,Say Goodbye,Cheap Trick,0.01480037205250311
1999,Better The Devil You Know,Steps,0.02289066913830116
1997,Alright,Jamiroquai,0.08147957128374923
1996,Been It,The Cardigans,0.0194570597383882
1994,My Iron Lung,Radiohead,0.011100093248311148
1990,Praying For Time,George Michael,0.23593698474759098
1992,When You Gonna Learn?,Jamiroquai,0.036939817200344095
1997,Day By Day,Regina,0.0035465336774897984
1994,If You Go,Jon Secada,0.10509894688866672
1996,Black,Pearl Jam,0.05719268691318476
1997,Rammstein,Rammstein,0.003949542452165283
1996,Something Changed,Pulp,0.02536554349537739
1999,Canned Heat,Jamiroquai,0.14814677499116385
1999,Rhythm Divine,Enrique Iglesias,0.12820435438281003
1995,This Is How We Do It,Montell Jordan,0.2282372351079071
1991,Change,Lisa Stansfield,0.1295443569193366
1994,Your Body's Callin',R Kelly,0.049196988736934635
1997,The Best Of Love,Michael Bolton,0.017864045207458098
1991,The Fly,U2,0.26868045733460644
1999,I Don't Like The Drugs (But The Drugs Like Me),Marilyn Manson,0.01114427405605184
1993,Do You Love Me Like You Say?,Terence Trent D'Arby,0.07218383046847586
1991,Ride The Wind,Poison,0.0067658038522380014
1995,Passion,Netzwerk,0.0043180270370397345
1992,Dry,PJ Harvey,0.09367432368578457
1996,Something Different,Shaggy,0.004811422433893621
1992,Tears In Heaven,Eric Clapton,0.476763209605656
1994,His 'n' Hers,Pulp,0.08729802122076473
1991,What You See Is What You Sweat,Aretha Franklin,0.028964873274311333
1997,I Don't Want To,Toni Braxton,0.12163042954142511
1996,Just A Girl,No Doubt,0.1607965018247699
1992,In The Closet,Michael Jackson,0.11373983950938579
1997,Tourniquet,Marilyn Manson,0.01824033154909997
1999,In Our Lifetime,Texas,0.05166709540179513
1998,Only You,Portishead,0.027369814329064223
1995,Perfect Day,EMF,0.011252995890915779
1996,You'll Be Mine (Party Time),Gloria Estefan,0.05999637695208362
1990,What Are You Doing With A Fool Like Me,Joe Cocker,0.0209428315727682
1995,Let It Rain,East 17,0.03700275422018368
1990,Driving,Everything But The Girl,0.03237972954976144
1993,Fantasy,George Michael,0.012629259774603713
1999,Break Stuff,Limp Bizkit,0.0642686688902645
1999,Miami,Will Smith,0.13532318704210566
1998,Outside,George Michael,0.09727787482437998
1990,Pictures Of You,The Cure,0.11873107249072097
1992,Midlife Crisis,Faith No More,0.0455151475353699
1997,Lovefool,The Cardigans,0.2877459910854733
1999,Strong Enough,Cher,0.13437594167566227
1995,Ridiculous Thoughts,The Cranberries,0.03315550565769845
1992,Take This Heart,Richard Marx,0.05296992782456721
1993,Brand New Man,Brooks & Dunn,0.09123496137801758
1995,Take A Toke,C&C Music Factory,0.10027936078574819
1997,Day By Day,Regina,0.0035465336774897984
1991,Night Ride Home,Joni Mitchell,0.012046375230395298
1990,Jingling Baby,LL Cool J,0.008040182816764448
1999,Nookie,Limp Bizkit,0.0890096931790804
1993,New Star,Tears For Fears,0.008789398200871802
1997,Sunny Came Home,Shawn Colvin,0.11813931233745263
1990,When I'm Back On My Feet Again,Michael Bolton,0.04835861579583553
1998,Pink,Aerosmith,0.12355318122336108
1994,Amazing,Aerosmith,0.15831829723518967
1992,Please Don't Go,Double You,0.1210233237013953
1998,From Rush Hour With Love,Republica,0.007219272517354382
1999,Street Symphony,Monica,0.013470904766931911
1994,Rock Bottom,Babyface,0.009506409798025545
1995,Dignity,Bob Dylan,0.011175243833259478
1994,Hold On To Your Friends,Morrissey,0.02245090528355767
1999,Sometimes,Britney Spears,0.21334927295290035
1992,Alone With You,Texas,0.008220806617945222
1998,Doo Wop (That Thing),Lauryn Hill,0.33103550027341183
1996,Macarena,Los Del Rio,0.4566124317245568
1998,Walkin' On The Sun,Smash Mouth,0.15772183885841548
1992,Been A Son,Nirvana,0.011770753509828745
1992,High On The Happy Side,Wet Wet Wet,0.011317494298686106
1993,If I Ever Lose My Faith In You,Sting,0.20511314189150737
1996,Never Gonna Say I'm Sorry,Ace of Base,0.004856572447468864
1996,Last Night,Az Yet,0.06752235981960848
1991,Open Your Eyes,Black Box,0.012198964852879133
1993,Oceans,Pearl Jam,0.025369933234305454
1998,Time After Time,INOJ,0.06905090692061654
1999,Genie In A Bottle,Christina Aguilera,0.4278221808254914
1993,Livin' On The Edge,Aerosmith,0.17658920712436638
1998,Stop,Spice Girls,0.1230325277122494
1995,Common People,Pulp,0.13864281287927877
1992,When You Tell Me That You Love Me,Diana Ross,0.043446693769840894
1994,Dark & Long,Underworld,0.023484598379169937
1998,God Is A DJ,Faithless,0.12956839076280624
1999,I Learned From The Best,Whitney Houston,0.06193469295849155
1998,Only You,Portishead,0.027369814329064223
1994,Player's Ball,OutKast,0.04456327109204656
1995,Te Ver,Skank,0.01662730651602752
1992,Revolution,Molella,0.001478043549510008
1994,Sweet Dreams,La Bouche,0.03629707859036458
1999,Better Best Forgotten,Steps,0.03616053157001426
1994,Breathe Again,Toni Braxton,0.23272444761788005
1995,Conquest Of Paradise,Vangelis,0.1494044325379205
1990,Poison,Bell Biv DeVoe,0.13189407650007326
1994,Zombie,The Cranberries,0.36962087660050885
1992,MARIA,Modestia Aparte,0.008177410817260906
1998,Breathe,Kylie Minogue,0.0076635143985161365
1991,The Truth Won't Fade Away,Procol Harum,0.0007288382735562283
1996,I'm Not Giving You Up,Gloria Estefan,0.01959848247053919
1998,Life Is A Flower,Ace of Base,0.09538514806012216
1994,I Miss You,Aaron Hall,0.03766994765209784
1993,I Miss You,The 4 of us,0.009228833748962651
1990,Show Me Heaven,Maria McKee,0.16228963830977747
1993,Runaway Train,Soul Asylum,0.302370934633875
1998,Lady,Lionel Richie,0.003710690128191704
1998,Antmusic,Robbie Williams,0.010291103788559264
1998,My Father's Eyes,Eric Clapton,0.11154691098818798
1993,Are You Gonna Go My Way,Lenny Kravitz,0.2798949509297518
1999,2 Times,Ann Lee,0.10904013719293056
1990,To Know Someone Deeply Is To Know Someone Softly,Terence Trent D'Arby,0.02369136126017741
1991,Girlfriend,Matthew Sweet,0.029993415263013086
1999,Strangers Like Me,Phil Collins,0.01905196194157189
1999,Call Me Manana,Scooter,0.03890057499682816
1997,TO THE MOON & BACK,Savage Garden,0.18728148237327552
1999,Bliss,Tori Amos,0.030476595854601836
1998,Too Close,Next,0.19678900350977696
1995,Passion,Netzwerk,0.0043180270370397345
1998,Last Thing On My Mind,Steps,0.050619102743418715
1991,Cry For Help,Rick Astley,0.11804736128908387
1992,Vibeology,Paula Abdul,0.05694413523290993
1994,Amazing,Aerosmith,0.15831829723518967
1996,If It Makes You Happy,Sheryl Crow,0.1624443434429949
1994,Eleanor Rigby,Zachary Breaux,0.014336365601662885
1991,Go,Moby,0.045287193340716285
1993,Lucky Town,Bruce Springsteen,0.00949180013876377
1997,Karma Police,Radiohead,0.14548005698090555
1992,Cherish,Jodeci,0.02135299971300445
1990,I've Been Thinking About You,Londonbeat,0.44090362394079885
1997,Jazzy Belle,OutKast,0.014368513385849784
1997,Summertime,C-Block,0.016342833123377972
1995,Ode To My Family,The Cranberries,0.1271892655833321
1992,Too Funky,George Michael,0.15607059813309287
1990,Vision Of Love,Mariah Carey,0.3463598744235703
1994,No Need To Argue,The Cranberries,0.3755684043908526
1996,Don't Look Back In Anger,Oasis,0.2500726935506646
1995,Angel,Gavin Friday,0.0052390512987891226
1992,Half The World,Belinda Carlisle,0.012685320037064837
1991,Strike It Up,Black Box,0.0953637328525881
1994,Superstar,Sonic Youth,0.02972988693627249
1996,Don't Leave,Faithless,0.012571343509969397
1992,Be My Baby,Vanessa Paradis,0.0850078446150322
1991,Mysterious Ways,U2,0.22814513889374377
1994,Streets Of Philadelphia,Bruce Springsteen,0.577848065751773
1990,Prodigal Blues,Billy Idol,0.02060339816633961
1992,I'll Cry For You,Europe,0.018441082164319812
1995,Close To You,Whigfield,0.012085629951026236
1995,So Many Tears,2Pac,0.021101211379850892
1994,Grace,Jeff Buckley,0.222939551536346
1994,Rock My Heart,Haddaway,0.04680152108353951
1997,Building A Mystery,Sarah McLachlan,0.10376957518243525
1992,Amazing,Big Money,0.0017394667945605157
1998,All Around The World,Oasis,0.10867469499304007
1996,I Wish,Skee-Lo,0.08254353377757609
1995,Bruise Pristine,Placebo,0.026594411016625866
1997,MMMBop,Hanson,0.6230660481943335
1992,The Very Thought Of You,Natalie Cole,0.0079121290565855
1991,All Together Now,The Farm,0.09396374911309413
1994,I Ain't Movin',Des'ree,0.009446924712529942
1999,Man! I Feel Like A Woman!,Shania Twain,0.2323972268864584
1993,I'm So Into You,SWV,0.10613744185241934
1991,Love Hurts,Cher,0.012908685949270051
1992,For Your Babies,Simply Red,0.05432576981807287
1993,Little Bit Of Heaven,Lisa Stansfield,0.02616834402061904
1997,Ashes To Ashes,Faith No More,0.04380393040655795
1998,Vuelve,Ricky Martin,0.12199224954026115
1990,The Language Of Life,Everything But The Girl,0.029823039815265857
1991,Mysterious Ways,U2,0.22814513889374377
1993,Alright,Kris Kross,0.053571067452055844
1999,After The Love Has Gone,Steps,0.028123260901370524
1994,Fire,Magic Affair,0.018325368398154185
1995,Joy,Blackstreet,0.027096898359674538
1993,No Rain,Blind Melon,0.17281311561071971
1997,Roses Are Red,Aqua,0.0168482614139215
1996,Missing,Everything But The Girl,0.38454776719287775
1990,Painkiller,Judas Priest,0.12028492569311919
1991,Mama Said Knock You Out,LL Cool J,0.06625107468702209
1994,Missing You,Steve Perry,0.012850281594406836
1994,You Made Me The Thief Of Your Heart,Sinead O'Connor,0.047902211128464114
1997,Roy's Keen,Morrissey,0.022431276863374365
1993,Up the Downstair,Porcupine Tree,0.017687794185949127
1994,You Want This,Janet Jackson,0.08768700380361343
1997,Yesterday,Wet Wet Wet,0.0356045379317366
1990,Edge Of The World,Faith No More,0.009379962336726883
1998,Brick,Ben Folds Five,0.09268984596392754
1998,Dreams,Nana,0.012027364572248598
1995,Perfect Day,Duran Duran,0.020461513330974575
1998,Book & A Cover,Suzanne Vega,0.003810431416892972
1994,Holiday,Weezer,0.012567961593023409
1996,Stranger In Moscow,Michael Jackson,0.10079937518025255
1999,Turn,Travis,0.028322354709108225
1995,Vibin',Boyz II Men,0.014610775831139509
1998,My Oh My,Aqua,0.06981942446887031
1990,Do Me!,Bell Biv DeVoe,0.1118046920503952
1995,Scatman's World,Scatman John,0.16377094043897797
1999,Honey,Billie Ray Martin,0.013148724525909702
1993,Animal,Pearl Jam,0.021331023479096406
1993,I Believe,Bon Jovi,0.03603115690719451
1996,Rotterdam (Or Anywhere),The Beautiful South,0.014295399283442325
1991,Chorus,Erasure,0.053119236537496874
1994,How Many Ways,Toni Braxton,0.01417173678869551
1993,All I Want,Captain Hollywood Project,0.019710278812103327
1996,We Are The World,Twenty 4 Seven,0.0028978887636121114
1991,Running Back To You,Vanessa Williams,0.03463376297663656
1993,Blow Your Mind,Jamiroquai,0.07699928775279062
1990,I Didn't Want To Need You,Heart,0.040451723526503766
1993,Slow It Down,East 17,0.020404421507322378
1990,Heaven Or Las Vegas,Cocteau Twins,0.11680367922399651
1991,Ring My Bell,Monie Love,0.02703234063140142
1992,Feel So High,Des'ree,0.057571722786893
1993,Little Bird,Annie Lennox,0.08480710845167898
1996,Ready To Go,Republica,0.09534440526138334
1992,Alive,Pearl Jam,0.11641986267127176
1997,Before Today,Everything But The Girl,0.025448281498619496
1990,Boulevard Of Broken Dreams,Smokie,0.009440214518134593
1999,I Knew I Loved You,Savage Garden,0.2708294805992095
1991,Black Or White,Michael Jackson,0.5718802723828521
1995,Shy Guy,Diana King,0.2863284821994623
1998,9PM (Till I Come),ATB,0.11739263577268047
1991,EMOTIONS,Mariah Carey,0.2144191108972702
1991,Someday,Mariah Carey,0.2166820381232474
1994,Change,Molella,0.01532497852978156
1995,I Believe,Happy Clappers,0.013554281228731894
1993,In Your Eyes,Niamh Kavanagh,0.05496482613320751
1998,Travel to romantis,Ace of Base,0.00401153495682203
1997,Lovefool,The Cardigans,0.2877459910854733
1998,Big Big World,Emilia,0.25731330084871873
1991,All Together Now,The Farm,0.09396374911309413
1999,Lately,Skunk Anansie,0.02772022470925325
1993,So What,Metallica,0.011919594921499844
1996,I Will Survive,Chantay Savage,0.05403836696875615
1998,Believe,Goldie,0.006978186046456033
1992,Your Mirror,Simply Red,0.008812593471424742
1999,Break Stuff,Limp Bizkit,0.0642686688902645
1999,Unsterblich,Die Toten Hosen,0.04923905197322436
1998,Dumb,The Beautiful South,0.0074226489593900375
1999,After The Love Has Gone,Steps,0.028123260901370524
1996,Let It Flow,Toni Braxton,0.013060972197715104
1990,One Love,The Stone Roses,0.03647189141829085
1995,Keep On Moving,Bob Marley,0.029323426781797873
1991,Can't Truss It,Public Enemy,0.06367782666198837
1993,Get Away,Bobby Brown,0.05378917471709978
1991,Higher Than The Sun,Primal Scream,0.026902038557664286
1992,Crucify,Tori Amos,0.03314664433441984
1995,I'll Be There For You,The Rembrandts,0.25265552661374907
1992,Weight Of The World,Ringo Starr,0.025479749522814614
1995,Keep On Growing,Sheryl Crow,0.016483092731331812
1995,On Your Own,The Verve,0.026671650785477778
1996,Cosmic Girl,Jamiroquai,0.12201115970861957
1994,Live Forever,Oasis,0.1170475217686776
1994,Trouble,Shampoo,0.06278549026039647
1998,My Favourite Game,The Cardigans,0.11694302800218163
1995,Lose It,Supergrass,0.010761265321385551
1996,Near You Always,Jewel,0.010302351294591327
1990,Everybody Everybody,Black Box,0.132219764669179
1996,So Much To Say,DAVE MATTHEWS BAND,0.010778422146820602
1996,Signify,Porcupine Tree,0.01894820924036412
1991,Because I Love You (The Postman Song),Stevie B,0.1927618516937883
1994,You Tripped At Every Step,Elvis Costello,0.014652101265992897
1990,I Don't Know Anybody Else,Black Box,0.09310571873594782
1990,I Go To Extremes,Billy Joel,0.057427992982109884
1991,Summertime,DJ Jazzy Jeff & The Fresh Prince,0.15142446739210905
1992,End Of The Road,Boyz II Men,0.4912685499131598
1995,Free,Nakatomi,0.004503595993869153
1999,Full Circle,Aerosmith,0.004071414016315772
1994,I'll Stand by You,The Pretenders,0.16084053378155694
1999,I Wanna Be With You,Bruce Springsteen,0.00365220826188904
1992,Revolution,Molella,0.001478043549510008
1992,Certain People I Know,Morrissey,0.018713861852713252
1997,Calling All Stations,Genesis,0.09189569867731859
1994,Rocks,Primal Scream,0.08772764975972598
1992,Everything About You,Ugly Kid Joe,0.10051355406236882
1997,Love Gets Me Every Time,Shania Twain,0.03526280060665101
1995,Passion,Netzwerk,0.0043180270370397345
1999,Tears Of Pearls,Savage Garden,0.006352315813190459
1994,Little Child,Des'ree,0.013517784976501633
1993,Eat The Rich,Aerosmith,0.02624035893779
1991,Higher Than The Sun,Primal Scream,0.026902038557664286
1993,Hero,Mariah Carey,0.31275294362113765
1992,Fire,Gazebo,0.0018543423924288183
1996,The Ghost Of Tom Joad,Bruce Springsteen,0.020977946331435723
1994,Return To Innocence,Enigma,0.3410048081082539
1997,Stay,Sash!,0.0829540300700869
1993,Kiss Of Life,Sade,0.0707014724762048
1996,Spinning The Wheel,George Michael,0.05811775329334546
1995,Washing Machine,Sonic Youth,0.03831279448891714
1991,I Belong To You,Whitney Houston,0.008113095839123978
1995,Just,Radiohead,0.04620979715249868
1995,Passion,Netzwerk,0.0043180270370397345
1997,Everybody Needs A 303,Fatboy Slim,0.009326516375859855
1990,Blue Savannah,Erasure,0.058144283383570035
1990,Everybody Everybody,Black Box,0.132219764669179
1996,Cosmic Girl,Jamiroquai,0.12201115970861957
1993,Up The Downstair,Porcupine Tree,0.017687794185949127
1995,Change,Daphne,0.010743127971876864
1994,Crazy,Eternal,0.01032192750338734
1993,Today,The Smashing Pumpkins,0.07747038080255865
1995,Keep On Moving,Bob Marley,0.029323426781797873
1993,Little Bird,Annie Lennox,0.08480710845167898
1992,Love Me,Tracie Spencer,0.00810480690718673
1996,Breakfast At Tiffany's,Deep Blue Something,0.22437675517648206
1999,Reasons To Be Cheerful,Ian Dury & The Blockheads,0.01270696152297482
1998,Higher Power,Boston,0.006626452019572832
1991,Don't Cry,Guns N' Roses,0.32274382055552164
1991,Around The Way Girl,LL Cool J,0.07724645989536473
1994,You,Candlebox,0.013122803948561636
1997,Herzeleid,Rammstein,0.05166586497035519
1996,If It Makes You Happy,Sheryl Crow,0.1624443434429949
1997,Reverence,Faithless,0.010710065962380826
1997,Lovefool,The Cardigans,0.2877459910854733
1999,Sweet Child O' Mine,Sheryl Crow,0.05029111170712769
1999,Fly Away,Lenny Kravitz,0.1779795498176776
1997,Walk On By,Gabrielle,0.011515802719917721
1997,Building A Mystery,Sarah McLachlan,0.10376957518243525
1994,Missing You,Steve Perry,0.012850281594406836
1995,Wish You Were Here,Rednex,0.10134639404993
1996,CHILDREN,Robert Miles,0.3082716641258497
1991,Someday,Mariah Carey,0.2166820381232474
1994,The Simple Things,Joe Cocker,0.023179965005395407
1993,Waiting For Magic,Ace of Base,0.005543075078968292
1992,Step By Step,Wendy Moten,0.01418209983853206
1993,Weak,SWV,0.16303107370390868
1999,Alive,Jennifer Brown,0.009454641377740165
1994,100% Pure Love,Crystal Waters,0.16382416283628784
1995,Diggin' On You,TLC,0.1400014002214069
1995,Lunchbox,Marilyn Manson,0.017921465086340387
1995,Ode To My Family,The Cranberries,0.1271892655833321
1996,Wonderwall,Oasis,0.4551897442950843
1998,I'm Ready,Bryan Adams,0.03715268183279297
1996,Hey Jupiter,Tori Amos,0.01971949076280526
1994,Closer,Nine Inch Nails,0.13137679030111743
1990,Epic,Faith No More,0.16649600959239738
1995,Ridiculous Thoughts,The Cranberries,0.03315550565769845
1995,Boombastic,Shaggy,0.42950387041599325
1993,In The Still Of The Nite (I'll Remember),Boyz II Men,0.12004429664059522
1996,Un-Break My Heart,Toni Braxton,0.4284619518095491
1996,Until It Sleeps,Metallica,0.1763175530152167
1992,Be My Baby,Vanessa Paradis,0.0850078446150322
1996,Mama Said,Metallica,0.046138006485263464
1990,Respect,Daddy Freddy,0.009437034922812903
1999,Hey Boy Hey Girl,The Chemical Brothers,0.13761334329996766
1996,Mint Car,The Cure,0.035863555937212334
1997,When Doves Cry,Ginuwine,0.04460666448686815
1998,Vuelve,Ricky Martin,0.12199224954026115
1996,All I Want,Skunk Anansie,0.00861631277065693
1995,I Can't Be With You,The Cranberries,0.029211763800023636
1997,The New Pollution,Beck,0.062227278825944365
1991,I'll Fight For You,Foreigner,0.0007624663399367253
1998,The Rockafeller Skank,Fatboy Slim,0.1274308423025914
1993,I Like It,Jomanda,0.034917476206062274
1995,Stars,Dubstar,0.03950336641887126
1992,Revolution,Molella,0.001478043549510008
1999,Moving,Supergrass,0.039545153860093406
1990,Whip Appeal,Babyface,0.041747722404570975
1995,Poison,The Prodigy,0.06475601455981098
1999,Genie In A Bottle,Christina Aguilera,0.4278221808254914
1990,Wherever Would I Be,Cheap Trick,0.02246197612455565
1993,The Ones You Love,Rick Astley,0.009360683759074076
1992,Feel No Pain,Sade,0.029504792581803576
1995,Jackson Cannery,Ben Folds Five,0.03178082423178815
1992,I Love Your Smile,Shanice,0.2082761954910232
1997,Easy,Terrorvision,0.010319189637240694
1997,All I Want,702,0.013071268052718021
1995,I Believe,Happy Clappers,0.013554281228731894
1997,Burn,Tina Arena,0.02094267972564698
1997,Don't Speak,No Doubt,0.6206206363584309
1999,Smile,Vitamin C,0.06284524512207824
1990,Stolen Moments,John Hiatt,0.06773316797548147
1999,Tears Of Pearls,Savage Garden,0.006352315813190459
1994,Shine,Aswad,0.0836573529983263
1993,Runaway Train,Soul Asylum,0.302370934633875
1990,Rub You The Right Way,Johnny Gill,0.11789406726985845
1998,I Don't Want To Miss A Thing,Aerosmith,0.6431331896636747
1999,Hanginaround,Counting Crows,0.05224975545968886
1994,The Way She Loves Me,Richard Marx,0.023479848375454672
1995,Memories,Netzwerk,0.004652628518848294
1993,Cryin',Aerosmith,0.2515311067668439
1991,Let Love Speak Up Itself,The Beautiful South,0.008231104483673602
1994,Zombie,The Cranberries,0.36962087660050885
1992,Primitive,Annie Lennox,0.007781723502617852
1996,Stella Gemella,Eros Ramazzotti,0.003672270969291042
1991,Outland,Gary Numan,0.011120948907132838
1993,Until You Suffer Some (Fire & Ice),Poison,0.009881238036212573
1994,She's Got That Vibe,R Kelly,0.01644978839381422
1997,Song For The Dumped,Ben Folds Five,0.07314146633654577
1995,70's Love Groove,Janet Jackson,0.016217922497522415
1995,Change,Daphne,0.010743127971876864
1997,Men In Black,Will Smith,0.4174100478576511
1992,If I Ever Fall In Love,Shai,0.15063888621605287
1999,You Needed Me,Boyzone,0.08341380273275824
1993,Sunday Sunday,Blur,0.032338626891261706
1995,Move Your Ass,Scooter,0.07964973355661271
1995,You Are Not Alone,Michael Jackson,0.46344613832104997
1994,You,Bonnie Raitt,0.022728841133305443
1994,Downtown,SWV,0.015923793695812375
1995,The Heart's Filthy Lesson,David Bowie,0.06455568828386324
1996,Don't Let Me Be Misunderstood,Joe Cocker,0.017336159352509175
1998,Lean On Me,Kirk Franklin,0.03391300628175781
1993,Little Bit Of Heaven,Lisa Stansfield,0.02616834402061904
1995,Disco 2000,Pulp,0.07262120071705705
1994,Linger,The Cranberries,0.18418046614821723
1990,Everybody Everybody,Black Box,0.132219764669179
1999,Hanginaround,Counting Crows,0.05224975545968886
1996,Black,Pearl Jam,0.05719268691318476
1996,One More Try,Kristine W,0.02383455334218256
1994,Grace,Jeff Buckley,0.222939551536346
1992,Lip Service,Wet Wet Wet,0.009023612094677292
1991,Let's Get It Started,MC Hammer,0.061653388098054554
1994,Sly,Massive Attack,0.031549286961527576
1998,International Velvet,Catatonia,0.11655499006626578
1998,You Don't Care About Us,Placebo,0.02414268150999871
1992,Crucify,Tori Amos,0.03314664433441984
1992,Old Red Eyes Is Back,The Beautiful South,0.022776990703569044
1999,I Still Believe,Mariah Carey,0.11511860426237094
1991,Breathe,Maria McKee,0.008110267217541225
1997,You Were Meant For Me,Jewel,0.2510130206332369
1992,Sleeping Satellite,Tasmin Archer,0.18750706124554947
1996,Guilty,Gravity Kills,0.01040827320625045
1995,For Your Love,Stevie Wonder,0.0952933415922906
1993,Cryin',Aerosmith,0.2515311067668439
1991,In My Heart,Texas,0.012838678945520649
1992,I Love Your Smile,Shanice,0.2082761954910232
1992,Ballad Of Peter Pumpkinhead,XTC,0.00827229713483942
1994,The Sign,Ace of Base,0.5008378487584136
1990,Forever,Kiss,0.07736584876448736
1994,End Of A Century,Blur,0.027849972252542286
1996,Signify,Porcupine Tree,0.01894820924036412
1997,Don't Say Your Love Is Killing Me,Erasure,0.03454867052788407
1999,Sometimes,Britney Spears,0.21334927295290035
1993,Are You Gonna Go My Way,Lenny Kravitz,0.2798949509297518
1995,Planet Telex,Radiohead,0.031130912522957143
1999,Tell Me It's Real,K-Ci & JoJo,0.11543864308696321
1995,Alright,Cast,0.012101099070918326
1999,Man Next Door,Massive Attack,0.0042904401036234895
1990,Everybody Everybody,Black Box,0.132219764669179
1995,Water Runs Dry,Boyz II Men,0.17493101943463482
1998,Torn,Natalie Imbruglia,0.3897378282823062
1994,Linger,The Cranberries,0.18418046614821723
1995,Mishale,Andru Donalds,0.1148319590012235
1997,If God Will Send His Angels,U2,0.03950741623754437
1990,Praying For Time,George Michael,0.23593698474759098
1994,Fire,Magic Affair,0.018325368398154185
1990,Alright,Janet Jackson,0.12542414638969163
1993,Stay By Me,Annie Lennox,0.0022469810548771535
1993,Zooropa,U2,0.4366651711033597
1996,With You,Somethin' For The People,0.010354618739335436
1995,Lucky Love,Ace of Base,0.10859736126772826
1992,Please Don't Go,Boyz II Men,0.021709492490141837
1991,Love Conquers All,ABC,0.031193613048472426
1996,You're Makin' Me High,Toni Braxton,0.19459459598097037
1991,Everybody's Free (To Feel Good),Rozalla,0.11796383847871265
1996,Follow You Down,Gin Blossoms,0.13183015696170053
1992,Uhh Ahh,Boyz II Men,0.033794234396934505
1990,Sweet Smell Of Success,The Stranglers,0.009482640906265572
1992,Everything's Ruined,Faith No More,0.020820160480906135
1991,Make It Tonight,Wet Wet Wet,0.008223078708405303
1998,Turn Back Time,Aqua,0.07648991482339379
1999,Get Up,Amel Larrieux,0.03212748208156462
1992,The Future,Leonard Cohen,0.1335896140966913
1996,Pray,DJ Bobo,0.04611079175469341
1991,Mona Lisa,Natalie Cole,0.010120341658610612
1997,Shine,Space Brothers,0.009621325762939944
1999,My Name Is,Eminem,0.2060123983020736
1994,Good As Gold (Stupid As Mud),The Beautiful South,0.014515684394466205
1993,If We Were Lovers,Gloria Estefan,0.024552232554741923
1995,Baby Baby,Corona,0.11335648955640898
1999,Silly Ho,TLC,0.044664690006117426
1991,Mama Said Knock You Out,LL Cool J,0.06625107468702209
1995,A Love So Beautiful,Michael Bolton,0.01605430534881475
1999,After The Love Has Gone,Steps,0.028123260901370524
1997,Cry,The Sundays,0.009262459778683481
1998,Movin' On,Mya,0.021818644161638298
1999,Seasons In The Sun,Westlife,0.05096282623601288
1993,All Apologies,Nirvana,0.1242913516884561
1997,The Best Of Love,Michael Bolton,0.017864045207458098
1993,Falling,Cathy Dennis,0.024235962732285284
1997,Hard To Make A Stand,Sheryl Crow,0.032192710016866015
1999,If Ya Gettin' Down,Five,0.09771043260606543
1999,Hanging Around,The Cardigans,0.012952154105957838
1995,Remembering The First Time,Simply Red,0.03428863146576019
1990,Epic,Faith No More,0.16491106051141013
1997,Across From Midnight,Joe Cocker,0.07651790153412845
1993,Easy,Faith No More,0.11432347476311532
1996,ATLiens,OutKast,0.0375769312661948
1992,Pennies From Heaven,Inner City,0.008593401285519572
1990,Rhythm Of The Rain,Jason Donovan,0.01650042229157257
1998,Once In A While,Dishwalla,0.013402848594768134
1997,Sisters Of Avalon,Cyndi Lauper,0.01030473494297429
1991,Shut 'Em Down,Public Enemy,0.019795320238397987
1999,2 Times,Ann Lee,0.10904013719293056
1997,Get Up,Lost Boyz,0.012716645765219406
1997,If I Never See You Again,Wet Wet Wet,0.03901779357546336
1997,Love Gets Me Every Time,Shania Twain,0.03526280060665101
1998,Take The Long Way Home,Faithless,0.02180926837843731
1994,Burn,The Cure,0.010117380501171754
1993,Wheel Of Fortune,Ace of Base,0.07294884262828435
1999,Praise You,Fatboy Slim,0.12881074514075533
1995,Ode To My Family,The Cranberries,0.1271892655833321
1999,The Trick Is To Keep Breathing,Garbage,0.004419826643209482
1995,Relax,Crystal Waters,0.011282313730280135
1990,That's Just The Way It Is,Phil Collins,0.03491337422514852
1996,Black,Pearl Jam,0.05719268691318476
1992,A Letter To Elise,The Cure,0.02421380016650241
1996,Wonderwall,Oasis,0.4551897442950843
1996,On My Way Home,Enya,0.03834080168868764
1990,Soul Free,George Michael,0.011581972865897395
1995,Come Back,Londonbeat,0.044598580418761066
1998,Clandestino,Manu Chao,0.12518038900558418
1996,The Thing,Love Jones,0.014209931062711286
1990,Easy,Ice Mc,0.026058867874687707
1994,Good As Gold (Stupid As Mud),The Beautiful South,0.014515684394466205
1991,Something To Talk About,Bonnie Raitt,0.09591257875934253
1994,True Faith '94,New Order,0.03196000369076358
1998,The Thing That Should Not Be,Metallica,0.025223035774549537
1999,Invincible,Five,0.07877418670438745
1990,Stay,Glenn Jones,0.01159428262492862
1997,Tearin' Up My Heart,N Sync,0.10411921784341616
1996,CHILDREN,Robert Miles,0.3082716641258497
1996,Freed From Desire,Gala,0.09365729803301041
1990,Dive,Nirvana,0.011917391222841755
1999,The Animal Song,Savage Garden,0.13365726442399253
1993,Let Her Down Easy,Terence Trent D'Arby,0.02477265877735161
1998,Vuelve,Ricky Martin,0.12199224954026115
1991,Love's A Loaded Gun,Alice Cooper,0.019566899639488402
1998,Anything,Edyta Gorniak,0.004398597390686103
1993,Numb,U2,0.07512781741477324
1995,Memories,Netzwerk,0.004652628518848294
1990,Jingling Baby,LL Cool J,0.008040182816764448
1990,Driving,Everything But The Girl,0.03237972954976144
1999,Dreaming,M People,0.008221922140956689
1993,Nachtflug,Falco,0.002913100152482997
1994,The Downward Spiral,Nine Inch Nails,0.14245669832257601
1995,Baby Come Back,Worlds Apart,0.020893902880000665
1990,Enjoy The Silence,Depeche Mode,0.28036651730759793
1995,One,Mica Paris,0.011223396030290489
1996,Signify,Porcupine Tree,0.01894820924036412
1994,Dissident,Pearl Jam,0.0383959218869578
1992,What About Your Friends,TLC,0.07629365923540136
1998,Sweet Surrender,Sarah McLachlan,0.053895116889089364
1990,Revolutionary Generation,Public Enemy,0.008244134736837907
1998,Special,Garbage,0.09857487143257503
1996,I'm Still Remembering,The Cranberries,0.010523559521876582
1994,Shine,Aswad,0.0836573529983263
1992,You Won't See Me Cry,Wilson Phillips,0.14097256298075822
1998,Don't Drink The Water,DAVE MATTHEWS BAND,0.019304842218213387
1999,I Love You,Martina McBride,0.013915326474570985
1990,Hold Back The River,Wet Wet Wet,0.0100241234713475
1992,Jeremy,Pearl Jam,0.17894646232437264
1995,Lost In You,Matt Bianco,0.023781106870646666
1999,How Forever Feels,Kenny Chesney,0.015864063352024907
1996,I'm Still Remembering,The Cranberries,0.010523559521876582
1995,Whoops Now,Janet Jackson,0.07544200611957877
1996,Gravitation,Kent,0.01742941138967889
1993,Freak Me,Silk,0.18884866117886226
1994,Practice What You Preach,Barry White,0.04910802564875907
1999,The Fragile,Nine Inch Nails,0.19461218173025188
1998,Doctor Jones,Aqua,0.16770375565811502
1999,Brand New Day,Sting,0.09193062295375042
1993,Bloodletting Go,Tears For Fears,0.009082822032984017
1995,Broken Stones,Paul Weller,0.012212835117570356
1990,Sincerity,Lisa Stansfield,0.011546113399022758
1994,Shine,Aswad,0.0836573529983263
1992,Baby Got Back,Sir Mix-A-Lot,0.20935863000625163
1996,Everybody,Worlds Apart,0.007530562173547589
1997,Everybody Needs A 303,Fatboy Slim,0.009326516375859855
1995,Country House,Blur,0.1981692988296798
1998,9PM (Till I Come),ATB,0.11739263577268047
1993,Deep,East 17,0.06600312960221172
1993,All I Want,Captain Hollywood Project,0.019710278812103327
1999,Promises,The Cranberries,0.09459787227073753
1990,Something Happened On The Way To Heaven,Phil Collins,0.13482548180346166
1992,Dirt,Alice In Chains,0.15650082721955313
1990,Sign O' The Times,Simple Minds,0.010504726695204634
1998,Give it up,Graaf,0.004060451992534856
1994,A Deeper Love,Aretha Franklin,0.051779626610438195
1992,Keep The Faith,Bon Jovi,0.13644782648256146
1991,Brand New Cadillac,The Clash,0.005987674267011901
1993,Obscured,The Smashing Pumpkins,0.012281668029295398
1995,Baby Baby,Corona,0.11335648955640898
1997,Help The Aged,Pulp,0.029993110200587383
1991,Mysterious Ways,U2,0.22814513889374377
1992,Move Me No Mountain,Soul II Soul,0.023563935377430945
1995,1963,New Order,0.04121531334048605
1998,Tropicalia,Beck,0.07575297470923098
1993,Some Fantastic Place,Squeeze,0.009228620724450933
1992,Love,The Sundays,0.01112034254479863
1998,Egoist,Falco,0.03450096343198138
1991,Should I Stay Or Should I Go,The Clash,0.18885681787868372
1992,Feel So High,Des'ree,0.057571722786893
1999,Missing You,Brooks & Dunn,0.019492816586590852
1993,Gone Too Soon,Michael Jackson,0.045561974947074056
1992,Smells Like Teen Spirit,Nirvana,0.6359485495347496
1991,Sin,Nine Inch Nails,0.02331411316488183
1993,Rockin' To The Music,Black Box,0.009429524935315434
1990,Fear Of A Black Planet,Public Enemy,0.21804650910640655
1998,Sweet Surrender,Sarah McLachlan,0.053895116889089364
1995,Sympathy For The Devil,Guns N' Roses,0.0975531718203669
1994,God,Tori Amos,0.05317438311071439
1996,Macarena,Los Del Rio,0.4566124945974237
1996,Children,Robert Miles,0.3082716641258497
1994,About A Girl,Nirvana,0.144595461035665
1995,Say It Ain't So,Weezer,0.0798005489885654
1992,Babies,Pulp,0.019109462229565156
1996,Where It's At,Beck,0.099903137454089
1990,Sliver,Nirvana,0.0648754612563394
1990,Home,Iggy Pop,0.009665524258450423
1990,Groove Is In The Heart,Deee-Lite,0.26372847268917426
1994,Eins Zwei Polizei,Mo-do,0.0988384771031273
1996,Always Be My Baby,Mariah Carey,0.2560331913482755
1990,Get A Life,Soul II Soul,0.13956716682493994
1999,Hanginaround,Counting Crows,0.05224975545968886
1997,Hey Child,East 17,0.01509764869007945
1999,Goodbye,Alexia,0.003792119554681075
1998,All Around The World,Oasis,0.10867469499304007
1994,Shine,Aswad,0.0836573529983263
1996,Travelling Without Moving,Jamiroquai,0.17829860682612328
1995,To Bring You My Love,PJ Harvey,0.15620435239310151
1992,Just Another Day,Jon Secada,0.2213561664705868
1992,Smells Like Teen Spirit,Nirvana,0.6359485495347496
1994,Breathe Again,Toni Braxton,0.23272444761788005
1993,Music Box,Mariah Carey,0.49376628148343255
1990,People,Soul II Soul,0.0313235265728488
1999,When We Are Together,Texas,0.008943140150032112
1999,2 Times,Ann Lee,0.10904013719293056
1995,Some Might Say,Oasis,0.13331334725717733
1999,My Love Is Your Love,Whitney Houston,0.2210391943344016
1994,Know By Now,Robert Palmer,0.039687561006537364
1998,Too Much Heaven,Nana,0.02701106847613776
1999,If Ya Gettin' Down,Five,0.09771043260606543
1992,Wherever I May Roam,Metallica,0.068885206282462
1994,I'll Make Love To You,Boyz II Men,0.49511587053011646
1992,Please Don't Go,KWS,0.14249878319915346
1997,Friday Street,Paul Weller,0.023053442856320362
1990,One Love,The Stone Roses,0.03647189141829085
1990,The Real Thing,Faith No More,0.13017062608056734
1993,Crazy For You,Let Loose,0.05228776915535549
1998,Time After Time,INOJ,0.06905090692061654
1999,2 Times,Ann Lee,0.10904013719293056
1993,Little Bird,Annie Lennox,0.08480710845167898
1997,Happy Now?,No Doubt,0.017153014556319398
1990,Violence Of Summer (Love's Taking Over),Duran Duran,0.10131164523284363
1995,Colors Of The Wind,Vanessa Williams,0.2481712988134346
1995,Scatman (Ski-Ba-Bop-Ba-Dop-Bop),Scatman John,0.3625124028601371
1997,Crash Into Me,DAVE MATTHEWS BAND,0.1151027621596173
1997,Guns In The Ghetto,UB40,0.03547986641376666
1995,Age Ain't Nothing But A Number,Aaliyah,0.048234751484030676
1995,Slide Away,Oasis,0.033100004926054395
1997,A Song For Mama,Boyz II Men,0.0931745536458355
1997,Wrong Number,The Cure,0.04000126961865911
1990,My Girl,Aerosmith,0.007783161953466764
1991,No More Tears,Ozzy Osbourne,0.11403182655702086
1996,Born Slippy,Underworld,0.18760645109742077
1994,Cigarettes & Alcohol,Oasis,0.052047632248099975
1997,I Want You,Savage Garden,0.27797924487050124
1992,China,Tori Amos,0.0225301599248842
1996,Tragic Kingdom,No Doubt,0.4638424749952028
1994,March Of The Pigs,Nine Inch Nails,0.05568585346922098
1990,Book Of Dreams,Suzanne Vega,0.03457151825251178
1992,Feed My Frankenstein,Alice Cooper,0.015424063547938053
1998,Don't Stop,Ruff Driverz,0.006968149883881579
1990,Love Takes Time,Mariah Carey,0.16790009187465432
1995,Digging The Grave,Faith No More,0.031595119752330085
1999,Bring My Family Back,Faithless,0.017924371051372887
1994,The World Is Yours,Nas,0.031090703452213646
1992,We Are Each Other,The Beautiful South,0.008292779478349008
1997,Last Cup Of Sorrow,Faith No More,0.0324376548973592
1992,Even Flow,Pearl Jam,0.050064810846165785
1996,Salva Mea,Faithless,0.05977638016505193
1998,The Rockafeller Skank,Fatboy Slim,0.1274308423025914
1991,Dans la jungle ou dans le zoo,Jean Ferrat,0.010327204407513264
1998,On A Day Like Today,Bryan Adams,0.07152595402373278
1998,Pink,Aerosmith,0.12355318122336108
1994,Prettiest Eyes,The Beautiful South,0.009655433101384022
1994,Black Hole Sun,Soundgarden,0.15940052233151505
1992,The Real Thing,Kenny Loggins,0.011166378601060577
1994,Change,Molella,0.01532497852978156
1994,It's Me,Alice Cooper,0.010037784818270081
1999,If You Had My Love,Jennifer Lopez,0.39716855055204986
1996,Don't Look Back In Anger,Oasis,0.2500726935506646
1999,You'll Be In My Heart,Phil Collins,0.2125393577086934
1992,It's Only Natural,Crowded House,0.019258070104294985
1994,I Ain't Movin',Des'ree,0.009479399517050971
1990,Time's Up,Living Colour,0.12121932227320042
1999,2 Times,Ann Lee,0.10904013719293056
1992,Time After Time,Everything But The Girl,0.011000935282727392
1991,Happy Together,Jason Donovan,0.01433892317870018
1993,Slam,Onyx,0.10082184592216892
1990,Send It To Me,Dusty Springfield,0.011435574740630035
1992,What Goes Around Comes Around,Giggles,0.008032725142250622
1999,Two In A Million,S Club 7,0.04793494849570505
1993,Animal,Pearl Jam,0.021331023479096406
1993,Perfectly Good Guitar,John Hiatt,0.07617540600085501
1992,Revolution,Molella,0.001478043549510008
1997,Battle of Who Could Care Less,Ben Folds Five,0.03655334606085214
1991,Love Is A Wonderful Thing,Michael Bolton,0.1608066184641612
1995,Change,Daphne,0.010743127971876864
1996,Antichrist Superstar,Marilyn Manson,0.09051673108862403
1996,The Ghost of Tom Joad,Bruce Springsteen,0.020977946331435723
1996,Wrong,Everything But The Girl,0.0693982990171567
1992,Follow Me,Aly-Us,0.009066355817295845
1996,Your New Cuckoo,The Cardigans,0.022374673100706136
1993,All That She Wants,Ace of Base,0.4739347435130285
1990,Heart Like A Wheel,The Human League,0.06916857001984952
1997,Step By Step,Whitney Houston,0.1301993584720989
1993,Dreamlover,Mariah Carey,0.33515193772071883
1993,Neon Messiah,Terence Trent D'Arby,0.012823493171798168
1992,Winter,Tori Amos,0.05127862139456021
1996,Elevators (Me & You),OutKast,0.0435780377049256
1990,Hotel California,Gipsy Kings,0.017918136739945394
1993,Dreams,Gabrielle,0.1726827035174473
1994,How Many Ways,Toni Braxton,0.01417173678869551
1991,Safe From Harm,Massive Attack,0.04944413139625336
1999,Every Day I Love You,Boyzone,0.06793403906619061
1994,Practice What You Preach,Barry White,0.04910802564875907
1990,Jingling Baby,LL Cool J,0.008040182816764448
1994,Zombie,The Cranberries,0.36962087660050885
1995,Change,Daphne,0.010743127971876864
1993,Julia,Chris Rea,0.024866205209495344
1994,March Of The Pigs,Nine Inch Nails,0.05568585346922098
1990,Everybody Everybody,Black Box,0.132219764669179
1993,Little Bird,Annie Lennox,0.08480710845167898
1993,Down With The King,Run DMC,0.04980492242298461
1997,Lollipop (Candyman),Aqua,0.043063763587413977
1998,Heartbeat,Steps,0.05420990607612016
1991,Heal The Pain,George Michael,0.03068567391924018
1992,Make It Happen,Mariah Carey,0.10610952623444246
1990,You're Amazing,Robert Palmer,0.023736236760974694
1990,Everybody Everybody,Black Box,0.132219764669179
1993,Cherub Rock,The Smashing Pumpkins,0.023464342677404798
1997,Butterfly,Mariah Carey,0.08410978103205581
1992,Revolution,Molella,0.001478043549510008
1990,World In Motion,New Order,0.060131784133661055
1995,Lenny,Supergrass,0.012591268889080316
1995,Change,Daphne,0.010743127971876864
1996,Your New Cuckoo,The Cardigans,0.022374673100706136
1994,Stay,Eternal,0.10351676609210761
1994,Dissident,Pearl Jam,0.0383959218869578
1994,To The End,Blur,0.03731828912537089
1995,Not Anyone,Black Box,0.011165499320272257
1996,18 Til I Die,Bryan Adams,0.1750687629882073
1990,Nowhere,Ride,0.09838578731746514
1996,World In Motion,DJ Bobo,0.04657315221939714
1990,Vision Of You,Belinda Carlisle,0.010090542706569283
1997,Happy,Travis,0.009260947355338662
1999,Playing My Game,Lene Marlin,0.08193311295265684
1994,Daughter,Pearl Jam,0.11241996130411074
1995,Say It Ain't So,Weezer,0.0798005489885654
1992,Popscene,Blur,0.01911677621671284
1991,State Of The World,Janet Jackson,0.02605550213338864
1994,Change,Blind Melon,0.009805108996768414
1992,Lift Me Up,Howard Jones,0.04411627654517937
1996,Macarena,Los Del Rio,0.4566124945974237
1993,Nachtflug,Falco,0.002913100152482997
1991,Sometimes It's A Bitch,Stevie Nicks,0.03942948371912832
1991,Open Your Eyes,Black Box,0.012198964852879133
1997,Put Your Arms Around Me,Texas,0.010770302046804731
1992,High,The Cure,0.06965847697691836
1992,Precious,Annie Lennox,0.03282578433669755
1992,Lip Service,Wet Wet Wet,0.009023612094677292
1997,Reverence,Faithless,0.010710065962380826
1999,King Of My Castle,Wamdue Project,0.09655026200519821
1997,Picture Of You,Boyzone,0.05897772129447696
1992,Pennies From Heaven,Inner City,0.008593401285519572
1991,Love To Hate You,Erasure,0.05715814240745583
1999,All Star,Smash Mouth,0.24519962233666392
1992,Primitive,Annie Lennox,0.007781723502617852
1994,You Mean The World To Me,Toni Braxton,0.10695389842092426
1996,Street Spirit (Fade Out),Radiohead,0.08079793539464641
1998,From This Moment On,Shania Twain,0.17615452654053876
1991,Sing Your Life,Morrissey,0.017694404879736222
1999,Writing To Reach You,Travis,0.03818764464634696
1993,Shed A Tear,Wet Wet Wet,0.024425874047963883
1994,Dreamer,Livin' Joy,0.05984426599184071
1999,Oh My God,Guns N' Roses,0.019722720075184774
1992,You Bring On The Sun,Londonbeat,0.05224130415407087
1990,If We Hold On Together,Diana Ross,0.08777998055177355
1998,All Around The World,Oasis,0.10867469499304007
1993,I Want You,Utah Saints,0.014472707207810008
1996,Un-Break My Heart,Toni Braxton,0.4284619518095491
1993,Soon Be Done,Shaggy,0.009451439487591053
1998,Sweet Surrender,Sarah McLachlan,0.053895116889089364
1993,Sometimes,James,0.023022071293686375
1991,Any Dream Will Do,Jason Donovan,0.10302183911465734
1996,Romeo's Heart,John Farnham,0.015661942414795595
1990,I Don't Know Anybody Else,Black Box,0.09310571873594782
1993,I'm Every Woman,Whitney Houston,0.2002834351640868
1995,It's All In Your Mind,Beck,0.014337675643885855
1990,Seasons In The Abyss,Slayer,0.07440561701714628
1992,Nothing Else Matters,Metallica,0.15698116981815693
1990,Fantasy,Black Box,0.08932122579346188
1995,I'm Alive,Cut 'N' Move,0.03167261638454553
1996,The Only Thing That Looks Good On Me Is You,Bryan Adams,0.14656904463477755
1995,Secret Garden,Bruce Springsteen,0.1020631074206309
1995,Crazy Cool,Paula Abdul,0.03554649392185359
1995,Timeless,Goldie,0.07889847630997625
1991,I'll Be Home This Christmas,Shakin' Stevens,0.008298798037203124
1997,Strange,Wet Wet Wet,0.01017784269586997
1996,Too Much,DAVE MATTHEWS BAND,0.0267614465801991
1992,Everlasting Love,Tony Terry,0.007900819866961825
1995,Kung Fu,Ash,0.025729560900038365
1997,Where's The Love,Hanson,0.1361097315837932
1996,Rhythmeen,ZZ Top,0.045097147111962214
1992,If I Ever Fall In Love,Shai,0.15063888621605287
1992,A Letter To Elise,The Cure,0.02421380016650241
1990,Rub You The Right Way,Johnny Gill,0.11789406726985845
1993,Just Kickin' It,Xscape,0.11625471453281921
1994,Supersonic,Oasis,0.09115661173303032
1995,Tell Me,Groove Theory,0.12401559752886744
1998,Gettin' Jiggy Wit It,Will Smith,0.28458475465608174
1999,What's My Age Again?,Blink-182,0.12830511292125507
1995,FANTASY,Mariah Carey,0.4646238649575367
1991,You Could Be Mine,Guns N' Roses,0.2047704972363201
1997,You Have Been Loved,George Michael,0.03732693775641956
1995,This Time,Curtis Stigers,0.03279157643347874
1993,Mermaid,Sade,0.0130475625170213
1998,Deeper Underground,Jamiroquai,0.13901677957495934
1991,Should I Stay Or Should I Go,The Clash,0.18885681787868372
1993,So Tonight That I Might See,Mazzy Star,0.08424233421760588
1995,Dreaming Of You,Selena,0.1349608429474003
1997,Drop Dead Gorgeous,Republica,0.048992325431194424
1993,Boom! Shake The Room,DJ Jazzy Jeff & The Fresh Prince,0.276185191945917
1990,Loaded,Primal Scream,0.04932167570939264
1991,There's Got To Be A Way,Mariah Carey,0.013123579810814391
1991,Strike It Up,Black Box,0.0953637328525881
1994,Space Cowboy,Jamiroquai,0.0992071732432665
1991,Don't Want To Be A Fool,Luther Vandross,0.03021524083100512
1992,Separate Tables,Chris De Burgh,0.020403759902936427
1996,Macarena,Los Del Rio,0.4566124945974237
1999,King Of My Castle,Wamdue Project,0.09655026200519821
1991,Emotions,Mariah Carey,0.2144191108972702
1999,I Miss You,Beverley Craven,0.012300352503226057
1993,Angel,Jon Secada,0.07143404649539709
1997,A Song For Mama,Boyz II Men,0.0931745536458355
1997,I Want You,Savage Garden,0.27797924487050124
1990,Only Your Love,Bananarama,0.014907534135596522
1996,Born Slippy,Underworld,0.18760645109742077
1998,Out Of The Dark,Falco,0.0485299824240224
1998,Given To Fly,Pearl Jam,0.08689224585737097
1991,Higher Than The Sun,Primal Scream,0.026902038557664286
1993,Cryin',Aerosmith,0.2515311067668439
1999,Flying Without Wings,Westlife,0.07895433259718547
1991,You Could Be Mine,Guns N' Roses,0.2047704972363201
1996,CHILDREN,Robert Miles,0.3082716641258497
1996,Aneurysm,Nirvana,0.02161541176001902
1994,Loverman,Nick Cave & The Bad Seeds,0.02426931290879105
1992,Knockin' On Heaven's Door,Guns N' Roses,0.1835537107494458
1995,Your Little Secret,Melissa Etheridge,0.06517916579575966
1998,I Was Made For Lovin' You,Scooter,0.0061729148701956905
1999,When I Look In Your Eyes,Diana Krall,0.0927267558808985
1998,Why?,Kisha,0.004480750678601695
1997,In My Arms,Erasure,0.028714041071277018
1999,The Best Of Me,Bryan Adams,0.05157956707703417
1998,No Regrets,Robbie Williams,0.030405138378199643
1993,It Was A Good Day,Ice Cube,0.11259668474877252
1993,Chemical World,Blur,0.021206374168886665
1990,Time After Time,Tuck & Patti,0.013267603778722839
1990,Scream,Ice Mc,0.015847302648203887
1991,Stairway To Heaven,Dread Zeppelin,0.00816569020256212
1997,Lovefool,The Cardigans,0.2877459910854733
1993,Heart-Shaped Box,Nirvana,0.1683527287718531
1997,Sunny Came Home,Shawn Colvin,0.11813931233745263
1996,Let's Make A Night To Remember,Bryan Adams,0.10588886623779167
1990,And So It Goes,Billy Joel,0.03610839235827591
1999,Happy,Alexia,0.004182232569799175
1990,What It Takes,Aerosmith,0.048617928628980775
1995,Change,Daphne,0.010743127971876864
1991,Someday,Mariah Carey,0.2166820381232474
1994,Miss You Most (At Christmas Time),Mariah Carey,0.015072583385222615
1992,Breath Of Life,Erasure,0.040146283351363506
1991,Sin,Nine Inch Nails,0.02331411316488183
1997,Du Hast,Rammstein,0.04641282252585033
1996,Macarena,Los Del Rio,0.4566124945974237
1998,Pray,Tina Cousins,0.03755548699728866
1991,Twin Cities,Everything But The Girl,0.009230446458046737
1994,Welcome To The Cruel World,Ben Harper,0.04502970031565463
1993,Pop Is Dead,Radiohead,0.021033415774780746
1993,Happy Nation,Ace of Base,0.08328000101101565
1990,Enjoy the Silence,Depeche Mode,0.28036651730759793
1994,Closer,Nine Inch Nails,0.13137679030111743
1990,Advice For The Young At Heart,Tears For Fears,0.0750040629533096
1997,Please Don't Go,No Mercy,0.08749299792101799
1994,All I Wanna Do,Sheryl Crow,0.4582425728015896
1995,This Ain't A Love Song,Bon Jovi,0.1793204876455202
1994,Love Is All Around,Wet Wet Wet,0.4124714461594598
1992,Love Shoulda Brought You Home,Toni Braxton,0.03348375426010604
1992,Thrill Me,Simply Red,0.012078761251787735
1995,Roll With It,Oasis,0.12294426673544373
1995,This Is Music,The Verve,0.025842714600884973
1996,Salva Mea,Faithless,0.05977638016505193
1995,Dis Is Da Drum,Herbie Hancock,0.014864276040766101
1993,Falling,Alison Moyet,0.009418236546553395
1999,You're My Number One,S Club 7,0.015220711301522728
1993,All I Want,Captain Hollywood Project,0.019710278812103327
1994,Grace,Jeff Buckley,0.222939551536346
1995,Love,Jimmy Nail,0.011210887289315973
1993,Again,Janet Jackson,0.23073241939457054
1998,Adia,Sarah McLachlan,0.14555360969885286
1999,C'est la vie (Always 21),Ace of Base,0.004193833352836434
1997,Bitter Sweet Symphony,The Verve,0.3757787586702443
1994,On Bended Knee,Boyz II Men,0.26679699832314424
1995,Not For You,Pearl Jam,0.025770744760653063
1990,Love Takes Time,Mariah Carey,0.16790009187465432
1997,River Of Dreams,Barclay James Harvest,0.008292545845739694
1991,Black Or White,Michael Jackson,0.5718802723828521
1994,Crazy,Aerosmith,0.19582244212714606
1997,Engel,Rammstein,0.05454244904968254
1991,Here Comes The Hammer,MC Hammer,0.07762351974412603
1996,When You're Gone,The Cranberries,0.07324053387553604
1993,When Heroes Go Down,Suzanne Vega,0.013312030835291033
1998,Here We Go Again,Aretha Franklin,0.019714820202429283
1993,Livin' On The Edge,Aerosmith,0.17658920712436638
1995,A Whiter Shade Of Pale,Annie Lennox,0.0399359243756081
1996,Cosmic Girl,Jamiroquai,0.12201115970861957
1991,Signs,Tesla,0.040391288197467144
1994,Change,Molella,0.01532497852978156
1992,Fade To Black,Metallica,0.041103776257631425
1995,Morning Glory,Oasis,0.035722794738309145
1995,Here Comes The Hotstepper,Ini Kamoze,0.35602937802285983
1994,Hung Up,Paul Weller,0.026305037618711315
1998,The Blue Cafe,Chris Rea,0.040087471188752645
1998,Wishlist,Pearl Jam,0.056217431424236346
1993,For The Cool In You,Babyface,0.032837123041513414
1995,Holding On To You,Terence Trent D'Arby,0.036685568388258025
1994,Everybody's Talkin',The Beautiful South,0.030173346942045595
1993,Send Me a Lover,Taylor Dayne,0.009183341714703344
1994,13 Steps Lead Down,Elvis Costello,0.03029035786574109
1997,HISTORY,Michael Jackson,0.0549115150574795
1990,Vision Of Love,Mariah Carey,0.3463598744235703
1992,Goodnight Girl,Wet Wet Wet,0.09112276818186434
1990,Praying For Time,George Michael,0.23593698474759098
1998,Don't Go Away,Oasis,0.04484253151096484
1995,Here Comes The Hotstepper,Ini Kamoze,0.35602937802285983
1991,All Together Now,The Farm,0.09396374911309413
1994,Rocket,The Smashing Pumpkins,0.012426239636115145
1993,I'm Every Woman,Whitney Houston,0.2002834351640868
1998,Take The Long Way Home,Faithless,0.02180926837843731
1999,(You Drive Me) Crazy,Britney Spears,0.24867988938907523
1999,You Don't Know,702,0.008384615944246174
1999,Life,K-Ci & JoJo,0.05888969416085621
1992,Just For Tonight,Vanessa Williams,0.03730870711289491
1997,Honey,Mariah Carey,0.31042476528503515
1999,2 Times,Ann Lee,0.10904013719293056
1995,Shy Guy,Diana King,0.2863284821994623
1998,Under The Bridge,All Saints,0.08409993484882601
1990,Gold Mother,James,0.05367781178513054
1996,Transformer,The Smashing Pumpkins,0.012266612124159589
1998,Taste Of India,Aerosmith,0.011918125161021574
1992,God's Great Banana Skin,Chris Rea,0.008370767430310597
1992,Ebeneezer Goode,Shamen,0.12623707690240196
1994,Sick & Tired,The Cardigans,0.03959429922986983
1993,Cherish The Day,Sade,0.034109555997422374
1999,One,Creed,0.013309117103123776
1992,Heartbeat,The Grid,0.012571213082933994
1999,Bring It All Back,S Club 7,0.12065617508768073
1992,Louder Than A Bomb,Public Enemy,0.007790856473525821
1994,Welcome To The Cruel World,Ben Harper,0.04493284038295723
1991,The Dream is Still Alive,Wilson Phillips,0.03542543670091099
1993,Desire Walks On,Heart,0.05035450088308204
1996,For The First Time,Kenny Loggins,0.041361398552985734
1993,Cherish The Day,Sade,0.034109555997422374
1997,Erase The Sun,Beck,0.012459777578737561
1991,Stairway To Heaven,Dread Zeppelin,0.00816569020256212
1991,No More Tears,Ozzy Osbourne,0.1140707694305042
1997,Day By Day,Regina,0.0035465336774897984
1998,It's Your Life,Lenny Kravitz,0.014845509229799212
1999,You'll Be In My Heart,Phil Collins,0.2125393577086934
1995,Roll Away,Dusty Springfield,0.010805881971876458
1997,Hole In My Soul,Aerosmith,0.05529261033933918
1992,Walking On Broken Glass,Annie Lennox,0.1089992296163095
1996,Jesus To A Child,George Michael,0.27983837574989223
1998,Higher Power,Boston,0.006626452019572832
1995,You Gotta Be,Des'ree,0.1912290219988358
1990,Cowboys From Hell,Pantera,0.06486748560893489
1998,Acquiesce,Oasis,0.017263226539176117
1994,Grace,Jeff Buckley,0.222939551536346
1992,Who Is It,Michael Jackson,0.09683218359338774
1994,Linger,The Cranberries,0.18418046614821723
1999,Supersonic,Jamiroquai,0.037045756740315794
1996,1979,The Smashing Pumpkins,0.2185940922720901
1990,Sliver,Nirvana,0.0648754612563394
1997,Isn't It A Wonder,Boyzone,0.023265942126029567
1990,Pray,MC Hammer,0.14973057646266255
1998,Aquemini,OutKast,0.1400333363471957
1992,I Love Your Smile,Shanice,0.2082761954910232
1994,I've Been Trying,Phil Collins,0.014354475639931412
1995,Anywhere Is,Enya,0.1153421234748096
1995,Childhood,Michael Jackson,0.04235292069980004
1992,The Future,Leonard Cohen,0.1335896140966913
1994,Closer,Nine Inch Nails,0.13137679030111743
1991,Unbelievable,EMF,0.2702118143424574
1997,Your Woman,White Town,0.22864845746980902
1991,You Could Be Mine,Guns N' Roses,0.2047704972363201
1996,If It Makes You Happy,Sheryl Crow,0.1624443434429949
1992,Could It Be Magic,Take That,0.03944587825343649
1993,Little Bird,Annie Lennox,0.08480710845167898
1997,Day By Day,Regina,0.0035465336774897984
1992,Halfway To Heaven,Europe,0.01307090005087999
1994,It Ain't Hard To Tell,Nas,0.040837320450239654
1991,It's So Hard To Say Goodbye To Yesterday,Boyz II Men,0.10620984924830167
1994,Hibernaculum,Mike Oldfield,0.035074603126258694
1990,A Little Time,The Beautiful South,0.09037751077908084
1997,World Before Columbus,Suzanne Vega,0.016959183089774333
1990,911 Is A Joke,Public Enemy,0.07076037180874649
1999,Back At One,Brian McKnight,0.13718588834760698
1992,Who Is It,Michael Jackson,0.09683218359338774
1995,Memories,Netzwerk,0.004652628518848294
1992,We Will Rock You,Warrant,0.008257751138009308
1993,Cherish The Day,Sade,0.034109555997422374
1997,Lovefool,The Cardigans,0.2877459910854733
1998,Stay (Wasting Time),DAVE MATTHEWS BAND,0.04311368585753377
1998,Mama,Khadja Nin,0.003966435517190494
1996,Stereotypes,Blur,0.03660222016632786
1998,Rain,Guano Apes,0.00944107194012521
1992,Someday,Concrete Blonde,0.0026634928258496954
1999,Everytime It Rains,Ace of Base,0.014275655084105285
1997,Day By Day,Regina,0.0035465336774897984
1999,Beautiful Stranger,Madonna,0.2578948682879156
1998,Give it up,Graaf,0.004060451992534856
1998,9PM (Till I Come),ATB,0.11739263577268047
1999,Waiting For Tonight,Jennifer Lopez,0.16086389130458273
1996,Home Again,New Edition,0.10974625276794124
1995,Everlasting Love,Gloria Estefan,0.06280689510748548
1992,Joy,Soul II Soul,0.08195363969377813
1999,2 Times,Ann Lee,0.10904013719293056
1992,Feed My Frankenstein,Alice Cooper,0.015424063547938053
1992,Human Touch,Bruce Springsteen,0.1676257452327896
1992,Uhh Ahh,Boyz II Men,0.033794234396934505
1997,Alright,Jamiroquai,0.08147957128374923
1995,Crazy Cool,Paula Abdul,0.03554649392185359
1995,Say A Prayer,Taylor Dayne,0.02714397488234631
1995,You Are Not Alone,Michael Jackson,0.46344613832104997
1991,Signs,Tesla,0.040391288197467144
1992,Revolution,Molella,0.001478043549510008
1992,Free Your Mind,En Vogue,0.13341490622814267
1994,Cowgirl,Underworld,0.06793695320126455
1990,(We Want) The Same Thing,Belinda Carlisle,0.02508312149025478
1993,Little Bird,Annie Lennox,0.08480710845167898
1990,Touch Me,49ers,0.061043318653900745
1990,Everybody Everybody,Black Box,0.132219764669179
1991,Bijou,Queen,0.007565195949661975
1990,Pictures Of You,The Cure,0.12272582493876932
1990,Can't Stop Fallin' Into Love,Cheap Trick,0.0652522047668076
1999,Livin' La Vida Loca,Ricky Martin,0.5828113517849032
1995,Don't Want To Forgive Me Now,Wet Wet Wet,0.01795879150154715
1990,Prayer For You,Texas,0.0184519937107592
1994,Another Day,Whigfield,0.058970206985249594
1998,Give It Up,Graaf,0.004060451992534856
1990,My Romance,Carly Simon,0.026007869694496446
1997,The Freshmen,The Verve Pipe,0.1084753495804963
1999,I Knew I Loved You,Savage Garden,0.2708295434720765
1995,When,Sunscreem,0.01584828914259712
1998,Out Of The Dark,Falco,0.0485299824240224
1993,In These Arms,Bon Jovi,0.10287137424564351
1999,Call Me Manana,Scooter,0.03890057499682816
1995,When,Sunscreem,0.01584828914259712
1992,Alive,Pearl Jam,0.11641986267127176
1993,Eat The Rich,Aerosmith,0.02624035893779
1999,I Have A Dream,Westlife,0.07945250902022555
1994,Lost In America,Alice Cooper,0.010654084124633981
1996,Verkligen,Kent,0.022045527318167064
1997,Don't Let Go (Love),En Vogue,0.20060481338569797
1991,Luck Of The Draw,Bonnie Raitt,0.19812455826002826
1999,I Learned From The Best,Whitney Houston,0.06193469295849155
1997,Little More Time With You,James Taylor,0.01588387020435484
1997,So Beautiful,Chris De Burgh,0.03332878968348535
1990,Killer,Adamski,0.14461344384215882
1997,Life Thru A Lens,Robbie Williams,0.12168784689571897
1995,Wonderwall,The Mike Flowers Pops,0.07323624048480847
1993,Kiss Of Life,Sade,0.0707014724762048
1994,I'll Wait,Taylor Dayne,0.015016389952406142
1994,(They Long To Be) Close To You,The Cranberries,0.014348951428894604
1995,American Pie,Just Luis,0.011127877974308567
1996,Spiderwebs,No Doubt,0.08894941411987449
1990,All Around The World,Lisa Stansfield,0.31828331357304307
1997,If God Will Send His Angels,U2,0.03906415385046637
1998,Kiss The Rain,Billie Myers,0.10284512599768157
1998,When The Lights Go Out,Five,0.11154297088904257
1991,Heart,Gary Numan,0.008199345603997352
1994,The Real Thing,Tony Di Bart,0.06205086134176169
1998,Don't Drink The Water,DAVE MATTHEWS BAND,0.019304842218213387
1996,Black,Pearl Jam,0.05719268691318476
1993,Ain't It Fun,Guns N' Roses,0.06652535241270419
1996,Stay With Me Tonight,The Human League,0.007150859233784842
1998,Go Deep,Janet Jackson,0.05507509408732058
1992,Revolution,Molella,0.001478043549510008
1997,En Passant,Jean-Jacques Goldman,0.044052007637448716
1994,So In Love With You,Texas,0.019436543541182124
1994,Space Cowboy,Jamiroquai,0.0992071732432665
1992,Dance Mephisto,Falco,0.0013172384547852174
1992,Revolution,Molella,0.001478043549510008
1997,Richard III,Supergrass,0.031978662356092855
1998,Cruel summer,Ace of Base,0.07600506088934039
1993,Rockin' To The Music,Black Box,0.009429524935315434
1991,Window Paine,The Smashing Pumpkins,0.005649069443578227
1997,Song For The Dumped,Ben Folds Five,0.07314146633654577
1999,2 Times,Ann Lee,0.10904013719293056
1995,Wonderful,Adam Ant,0.07762875659966907
1994,Change,Molella,0.01532497852978156
1995,Dreaming Of You,Selena,0.1349608429474003
1993,Radio,Teenage Fanclub,0.009607720180553584
1998,Too Much,Spice Girls,0.14883319678114437
1994,Do You Love Me?,Nick Cave & The Bad Seeds,0.027547512846536375
1998,Open Your Eyes,Yes,0.003814288114696053
1995,Something For The Pain,Bon Jovi,0.0600395882962116
1993,Slam,Onyx,0.10082184592216892
1998,Smoke,Natalie Imbruglia,0.043899423532091454
1997,To The Moon & Back,Savage Garden,0.18728148237327552
1997,Mama,Spice Girls,0.16318293705786935
1998,I Don't Want To Miss A Thing,Aerosmith,0.6431331896636747
1994,Tomorrow,Silverchair,0.10000393860503498
1990,Tender Lover,Babyface,0.06168864843914312
1996,Angel,Simply Red,0.04184140896312216
1999,Angel,Sarah McLachlan,0.17262814342388186
1997,Good Feeling,Travis,0.03993617462875244
1993,Stairway To Heaven,Rolf Harris,0.012082064947221204
1995,Carnival,The Cardigans,0.10001220540574658
1997,Day By Day,Regina,0.0035465336774897984
1996,Virtual Insanity,Jamiroquai,0.18752909389532163
1996,Cosmic Girl,Jamiroquai,0.12201115970861957
1992,Yesterdays,Guns N' Roses,0.0666669779246549
1999,2 Times,Ann Lee,0.10904013719293056
1998,Nice & Slow,Usher,0.14104220721613742
1997,Let Down,Radiohead,0.04312086905277812
1994,Love Is All Around,Wet Wet Wet,0.4124714461594598
1993,That's What I Think,Cyndi Lauper,0.0098789409315593
1997,The Age Of Love,Scooter,0.025216396935633524
1995,Abenteuerland,Pur,0.06781640194493768
1998,Perfect,The Smashing Pumpkins,0.07270309544688415
1996,Coming Home Now,Boyzone,0.01944071035686455
1991,Summertime,DJ Jazzy Jeff & The Fresh Prince,0.15142446739210905
1992,Love Of My Life,Carly Simon,0.011667980319568729
1997,I Don't Want To,Toni Braxton,0.12163042954142511
1995,Shy Guy,Diana King,0.2863284821994623
1993,Bed Of Roses,Bon Jovi,0.22077622941057304
1999,Seasons In The Sun,Westlife,0.05096282623601288
1998,I Love The Way You Love Me,Boyzone,0.06958075200509017
1994,Everybody,DJ Bobo,0.07629891296211518
1992,Jump,Kris Kross,0.38144676627684304
1994,When We Dance,Sting,0.09954228549234322
1996,Sittin' Up In My Room,Brandy,0.11132498425056078
1991,Highwire,The Rolling Stones,0.08443167468075236
1999,Hanging Around,The Cardigans,0.012952154105957838
1990,Rhythm Of The Rain,Jason Donovan,0.01650042229157257
1991,Heart,Gary Numan,0.008199345603997352
1990,Fantasy,Black Box,0.08932122579346188
1991,Enter Sandman,Metallica,0.22363633834971605
1998,When The Lights Go Out,Five,0.11154297088904257
1995,Run Around,Blues Traveler,0.14066099787586933
1998,My All,Mariah Carey,0.19734577570180162
1992,Joy,Soul II Soul,0.08195363969377813
1991,Still In Love,Vanessa Williams,0.009319285842881985
1995,My Love Is For Real,Paula Abdul,0.09022692390748054
1993,Weak,SWV,0.16303107370390868
1999,Starman,Culture Club,0.015197668943195752
1998,This Is Hardcore,Pulp,0.06235021388151391
1994,Cornflake Girl,Tori Amos,0.09239884594148895
1999,I Need To Know,Marc Anthony,0.18297641538136783
1997,Black Eyed Boy,Texas,0.02716659599530444
1996,Insomnia,Faithless,0.17432524035606972
1998,Come Back Darling,UB40,0.009091117756262498
1995,American Pie,Just Luis,0.011127877974308567
1993,Little Bird,Annie Lennox,0.08480710845167898
1993,Go,Pearl Jam,0.028274258839958433
1992,Get Ready For This,2 Unlimited,0.10056009375174714
1994,Cigarettes & Alcohol,Oasis,0.052047632248099975
1996,Black,Pearl Jam,0.05719268691318476
1990,Get A Life,Soul II Soul,0.13956716682493994
1990,Sacrifice,Elton John,0.19136818529211483
1997,Rain,Erasure,0.004075094417459276
1997,4 Seasons Of Loneliness,Boyz II Men,0.16130090815611495
1998,I Don't Want To Miss A Thing,Aerosmith,0.6431331896636747
1990,Just Can't Stay Away,En Vogue,0.01151277858019046
1993,Break It Down Again,Tears For Fears,0.0930826259490065
1996,Doin' It,LL Cool J,0.05696752599915332
1994,Parklife,Blur,0.07563635659322077
1997,Foolish Games,Jewel,0.1388490943590258
1993,Lay Down Your Arms,Belinda Carlisle,0.014920440484802972
1999,Animal Instinct,The Cranberries,0.04517482774850919
1992,Laid So Low (Tears Roll Down),Tears For Fears,0.05026389835466199
1994,Nothing Left Behind Us,Richard Marx,0.0031803491837375493
1996,Children,Robert Miles,0.3082716641258497
1998,No Fate,Scooter,0.019441017243042452
1995,Sorted For E's & Wizz,Pulp,0.0825082158766738
1996,Soul Almighty,Bob Marley,0.016751243771423247
1995,Disco 2000,Pulp,0.07262120071705705
1993,Hello Kitty Kat,The Smashing Pumpkins,0.02343527104866603
1999,Love's Got A Hold On My Heart,Steps,0.044237980814269655
1993,Shape Of My Heart,Sting,0.05119868807344539
1998,God Is A DJ,Faithless,0.1295747642612259
1992,Knockin' On Heaven's Door,Guns N' Roses,0.1835537107494458
1999,Why Didn't You Call Me,Macy Gray,0.023366027466155306
1998,My Favourite Game,The Cardigans,0.11694302800218163
1995,Strawberry Fields Forever,Los Fabulosos Cadillacs,0.016284009587580212
1997,I'm Not In Love,Fun Lovin' Criminals,0.003475949992384383
1992,The World Is Stone,Cyndi Lauper,0.01662304158958866
1999,Angel,Sarah McLachlan,0.17262814342388186
1991,All Together Now,The Farm,0.09396374911309413
1995,Slide Away,Oasis,0.033100004926054395
1997,Everybody needs a 303,Fatboy Slim,0.009326516375859855
1995,I Care,Soul II Soul,0.011724475486773973
1994,Cigarettes & Alcohol,Oasis,0.052047632248099975
1992,Midlife Crisis,Faith No More,0.0455151475353699
1990,Sliver,Nirvana,0.0648754612563394
1992,Save The Best For Last,Vanessa Williams,0.3192282654028334
1997,Happiness,Vanessa Williams,0.025871900992038704
1990,Liberty,Duran Duran,0.0412669931754219
1993,Dreamer,Coldcut,0.026314066755961395
1993,Believe,Lenny Kravitz,0.07856443730329786
1995,Love Is All Around,DJ Bobo,0.056172719234047395
1999,King Of My Castle,Wamdue Project,0.09655026200519821
1997,High Times,Jamiroquai,0.023610293119535167
1999,Come On Over,Shania Twain,0.012757737970424335
1995,Time,Supergrass,0.014615950620362389
1995,I Believe,Happy Clappers,0.013554281228731894
1999,Ex-Factor,Lauryn Hill,0.09377223713781498
1990,Falling To Pieces,Faith No More,0.043815402148151536
1995,Hurt,Nine Inch Nails,0.07131741400170725
1996,You're Makin' Me High,Toni Braxton,0.19459459598097037
1997,Steven's Last Night In Town,Ben Folds Five,0.01439590163041289
1995,Karmacoma,Massive Attack,0.0601700112662046
1991,Sensitivity,Ralph Tresvant,0.11439611068080682
1994,Superunknown,Soundgarden,0.32869247698354187
1991,Play That Funky Music,Vanilla Ice,0.11217748437162747
1999,My Love,Kele Le Roc,0.024810041798504177
1997,Everyday Is A Winding Road,Sheryl Crow,0.16174085360003543
1996,Insomnia,Faithless,0.17432524035606972
1999,He Didn't Have To Be,Brad Paisley,0.019636999929044715
1998,Elderly Woman Behind The Counter In A Small Town,Pearl Jam,0.01663270655707006
1994,Amazing,Aerosmith,0.15831829723518967
1998,Outside,George Michael,0.09727787482437998
1996,The Bends,Radiohead,0.02302565172118382
1993,Insane In The Brain,Cypress Hill,0.1276547041021421
1999,Lullaby,Shawn Mullins,0.10162212746998109
1995,Not Anyone,Black Box,0.011165499320272257
1996,Insomnia,Faithless,0.17432524035606972
1994,Breathe Again,Toni Braxton,0.23272444761788005
1998,Say You Love Me,Simply Red,0.07057250033050778
1997,Heirate Mich,Rammstein,0.004532692643853758
1997,I Believe I Can Fly,R Kelly,0.46906526169551194
1998,Raspberry Swirl,Tori Amos,0.017806847796247745
1998,Don't Stop,Ruff Driverz,0.006968149883881579
1999,Promises,The Cranberries,0.09459787227073753
1996,Virtual Insanity,Jamiroquai,0.18752909389532163
1996,You Can Make History (Young Again),Elton John,0.014832909161617867
1992,It Only Takes A Minute,Take That,0.03591382789760213
1990,I Don't Know Anybody Else,Black Box,0.09310571873594782
1990,To Know Someone Deeply Is To Know Someone Softly,Terence Trent D'Arby,0.02369136126017741
1991,With You,Tony Terry,0.017399752490522658
1998,Left Of The Middle,Natalie Imbruglia,0.1848730547118712
1992,Love Is Strange,Everything But The Girl,0.010966522725520348
1993,I Can See Clearly Now,Holly Cole,0.01483494234602652
1993,In All the Right Places,Lisa Stansfield,0.03535480306099159
1997,Sehnsucht,Rammstein,0.130064142601303
1999,Moving,Supergrass,0.039545153860093406
1993,Love & Liberte,Gipsy Kings,0.017654102159441548
1990,All Or Nothing,Milli Vanilli,0.12429484372399306
1997,Ain't My Bitch,Metallica,0.012660310977507708
1993,Livin' On The Edge,Aerosmith,0.17658920712436638
1993,Please Forgive Me,Bryan Adams,0.46937054040464304
1999,Northern Star,Melanie C,0.09477593199642856
1992,No Ordinary Love,Sade,0.15529971733985548
1992,Someday,M People,0.012583534016954251
1990,Love Will Lead You Back,Taylor Dayne,0.18227104581835238
1998,Baby Can I Hold You,Boyzone,0.048442869260393095
1995,Earth Song,Michael Jackson,0.24972694014832783
1993,Love Song For A Vampire,Annie Lennox,0.06903732500073742
1992,Time To Make You Mine,Lisa Stansfield,0.03139104042647096
1993,Another Sad Love Song,Toni Braxton,0.13462776384594077
1990,Children Of The Night,Richard Marx,0.06247044982786525
1997,Walk On By,Gabrielle,0.011515802719917721
1994,One Love,Nas,0.014514032655705522
1996,Men In Black,Frank Black,0.007102506452663094
1997,Native New Yorker,Black Box,0.009266376566937776
1990,Piccadilly Palare,Morrissey,0.035380235155157036
1996,Until It Sleeps,Metallica,0.1763175530152167
1997,Mother Love,Queen,0.009181067457557009
1991,Sugar Tax,Orchestral Manoeuvres In The Dark,0.07765503326381404
1995,Sorted For E's & Wizz,Pulp,0.0825082158766738
1998,Our Last Summer,Abba,0.005257302577810277
1997,A Medio Vivir,Ricky Martin,0.10016859141083699
1999,The World Is Not Enough,Garbage,0.09621458335241016
1994,Sulky Girl,Elvis Costello,0.014658535235161549
1994,August & Everything After,Counting Crows,0.2681074870578566
1994,Stay Another Day,East 17,0.1826441092794849
1995,Love Is The Icon,Barry White,0.01257006921242041
1996,Loops Of Fury,The Chemical Brothers,0.02009252986542688
1993,Gone Too Soon,Michael Jackson,0.045561974947074056
1992,Love Shoulda Brought You Home,Toni Braxton,0.03348375426010604
1998,War Of Nerves,All Saints,0.01628054941740991
1990,More,Sisters Of Mercy,0.062187155204212814
1996,Closer To Free,BoDeans,0.0866154136620601
1992,Nothing Else Matters,Metallica,0.15698116981815693
1990,Head Like A Hole,Nine Inch Nails,0.057056061192117376
1995,Dignity,Bob Dylan,0.011175243833259478
1990,Live Together,Lisa Stansfield,0.058152295997314134
1993,Dreamlover,Mariah Carey,0.33515193772071883
1999,I Learned From The Best,Whitney Houston,0.06193469295849155
1995,Fade Away,Oasis,0.01651260952937423
1994,Holiday,Weezer,0.012567961593023409
1993,Freedom,Rage Against The Machine,0.009834425767790932
1995,Thank You,Boyz II Men,0.07452799967801302
1996,You Still Touch Me,Sting,0.038381201714602506
1992,Be My Baby,Vanessa Paradis,0.0850078446150322
1995,Angel,Goldie,0.011010052523261317
1998,Stay,The Temptations,0.013902311160064403
1998,When The Lights Go Out,Five,0.11154297088904257
1998,Here We Go Again,Aretha Franklin,0.019714820202429283
1992,Wherever I May Roam,Metallica,0.068885206282462
1998,Stay (Wasting Time),DAVE MATTHEWS BAND,0.04311368585753377
1991,Signs,Tesla,0.040391288197467144
1994,Linger,The Cranberries,0.18418046614821723
1990,Dive,Nirvana,0.011917391222841755
1995,Endless Summer,Scooter,0.020345512522008464
1993,I Believe,Robert Plant,0.013870749798765541
1997,Exile,Gary Numan,0.010380690881325922
1998,La Bomba,Ricky Martin,0.020760553982733913
1995,Vibrator,Terence Trent D'Arby,0.027242465559285584
1993,I'm So Into You,SWV,0.10613744185241934
1993,Fumbling Towards Ecstasy,Sarah McLachlan,0.09640376613477776
1998,You're Still The One,Shania Twain,0.30467549061908833
1994,Silent Scream,Richard Marx,0.02304790539869361
1998,Acquiesce,Oasis,0.017263226539176117
1996,Street Spirit (Fade Out),Radiohead,0.08079793539464641
1994,Saturday Night,Whigfield,0.1990816200033458
1996,You're Makin' Me High,Toni Braxton,0.19459459598097037
1995,Candy Rain,Soul For Real,0.14132475753818294
1992,(Do You Get) Excited?,Roxette,0.008428422612632663
1991,More Than Words,Extreme,0.408247276644805
1995,Roll With It,Oasis,0.12294426673544373
1998,Every Time,Janet Jackson,0.029281750669760596
1997,Everyday Is A Winding Road,Sheryl Crow,0.16174085360003543
1997,No Surprises,Radiohead,0.09360119431547638
1997,One Headlight,The Wallflowers,0.12329775495170765
1996,Love Is The Price,DJ Bobo,0.01348374314152346
1994,Everybody,DJ Bobo,0.07629891296211518
1991,You're In Love,Wilson Phillips,0.11745768314005509
1994,Anytime You Need A Friend,Mariah Carey,0.13440911221607402
1999,I Learned From The Best,Whitney Houston,0.06193469295849155
1996,Don't Marry Her,The Beautiful South,0.01034421500324783
1999,King For A Day,Jamiroquai,0.008100284632370485
1997,Sun Hits The Sky,Supergrass,0.024172653171847722
1992,Jump,Kris Kross,0.38144676627684304
1990,Everybody Everybody,Black Box,0.132219764669179
1997,On & On,Erykah Badu,0.10851036018846999
1991,Live For Loving You,Gloria Estefan,0.04057819281199294
1999,Two In A Million,S Club 7,0.04793494849570505
1999,Bring My Family Back,Faithless,0.017924371051372887
1994,Leaving Las Vegas,Sheryl Crow,0.03311308178544117
1999,She's All I Ever Had,Ricky Martin,0.16522165439557887
1993,I'm Every Woman,Whitney Houston,0.2002834351640868
1997,Older,George Michael,0.024759467418737368
1997,Lonely,Nana,0.08829421238256115
1998,C'est La Vie,B*Witched,0.18853653977254145
1993,This Time,Dina Carroll,0.024551472127386023
1992,Dirt,Alice In Chains,0.15650082721955313
1993,Shock To The System,Billy Idol,0.018836680774002922
1993,Run To You,Whitney Houston,0.08571064722328317
1995,This Summer,Squeeze,0.011163453394357316
1991,Strike It Up,Black Box,0.0953637328525881
1996,18 Til I Die,Bryan Adams,0.1750687629882073
1996,Beautiful Life,Ace of Base,0.12460069335783829
1994,Always,Bon Jovi,0.4945299258494304
1999,2 Times,Ann Lee,0.10904013719293056
1994,Leaving Las Vegas,Sheryl Crow,0.03311308178544117
1991,I Touch Myself,Divinyls,0.1692960559873001
1997,Love Gets Me Every Time,Shania Twain,0.03526280060665101
1992,Stay,Jodeci,0.011339861640776964
1995,Misery,Soul Asylum,0.11284613257046007
1996,Salvation,The Cranberries,0.09360960345519866
1994,Everybody's Talkin',The Beautiful South,0.030173346942045595
1997,Falling In Love (Is Hard On The Knees),Aerosmith,0.14285109191933032
1992,My Destiny,Lionel Richie,0.056717019330158165
1998,Breathe,Kylie Minogue,0.0076635143985161365
1995,I'll Be Around,Rappin' 4-Tay,0.04296179528101699
1993,Little Bird,Annie Lennox,0.08480710845167898
1990,Janie's Got A Gun,Aerosmith,0.18814316803401435
1999,Say You'll Be Mine,Steps,0.023362102935601103
1990,Loaded,Primal Scream,0.04932167570939264
1997,Be Here Now,Oasis,0.3170727503226968
1991,All This Time,Sting,0.16835741795746226
1997,Lovefool,The Cardigans,0.2877459910854733
1998,This Is Hardcore,Pulp,0.06235021388151391
1995,I Want You,Holly Cole,0.017367653557919457
1996,Once You Had Gold,Enya,0.013149430256803131
1996,A Different Beat,Boyzone,0.02346013951191149
1991,Real Love,Lisa Stansfield,0.1142555363636792
1990,What It Takes,Aerosmith,0.048617928628980775
1991,Higher Than The Sun,Primal Scream,0.026902038557664286
1997,Honey,Mariah Carey,0.31042476528503515
1993,Hopelessly,Rick Astley,0.04712439105837658
1992,China,Tori Amos,0.0225301599248842
1990,The Neighborhood,Los Lobos,0.03992774677679562
1996,When You Love A Woman,Journey,0.06604950064603089
1994,Superstar,Sonic Youth,0.02972988693627249
1992,Knockin' On Heaven's Door,Guns N' Roses,0.18355415085951426
1992,Just Right,Soul II Soul,0.027540988183142642
1995,Memories,Netzwerk,0.004652628518848294
1993,For The Cool In You,Babyface,0.032837123041513414
1996,Macarena,Los Del Rio,0.4566124945974237
1994,Stay Gold,Stevie Wonder,0.015282541040288809
1996,Someone To Love,East 17,0.012310825936785133
1992,Baker Street,Undercover,0.0939715716775272
1994,Change,Molella,0.01532497852978156
1993,Mr Vain,Culture Beat,0.4119254048552747
1990,Hang In Long Enough,Phil Collins,0.04625012512219796
1991,No More Tears,Ozzy Osbourne,0.11403182655702086
1994,Love Me,Xymox,0.004125903362554987
1995,Bullet With Butterfly Wings,The Smashing Pumpkins,0.1414819725882642
1996,One In A Million,Aaliyah,0.0511660855540074
1994,Rollercoaster,Everything But The Girl,0.02845582923464787
1993,Should've Been A Cowboy,Toby Keith,0.012563393892866218
1995,Evidence,Faith No More,0.04728867462038845
1999,My Love Is Your Love,Whitney Houston,0.2210391943344016
1991,Green Mind,Dinosaur Jr,0.025674804750112638
1998,If You Can't Say No,Lenny Kravitz,0.02392519629358623
1991,Loving You,Janet Kay,0.03490181783605388
1999,Windmills Of Your Mind,Sting,0.015885572552958905
1991,Killer,Seal,0.04777837472156162
1994,Crazy,Aerosmith,0.19582244212714606
1999,Just Don't Give A Fuck,Eminem,0.012365000087662349
1994,Everyday,Phil Collins,0.07318582149079732
1996,Firestarter,The Prodigy,0.2106599125356698
1997,Star People '97,George Michael,0.05781300480151516
1994,It Ain't Hard To Tell,Nas,0.038001045613817855
1998,I Only Have Eyes For You,Mercury Rev,0.013201355100085417
